player,position,stats_player_name,adp_player_name,stats_position,adp_position,stats_team,adp_team,adp_bye_week,match_status,age,games_played,games_started,fantasy_points_standard,fantasy_points_ppr,fantasy_points_draftkings,fantasy_points_fanduel,stats_value_based_drafting,stats_position_rank,stats_overall_rank,adp_consensus_rank,adp_position_rank,adp_bestball10s_rank,adp_cbs_rank,adp_draftkings_rank,adp_drafters_rank,adp_espn_rank,adp_mfl_rank,adp_nffc_rank,adp_rt_sports_rank,adp_sleeper_redraft_rank,adp_underdog_rank,adp_yahoo_rank
Ja'Marr Chase,WR,Ja'Marr Chase,Ja'Marr Chase,WR,WR,CIN,CIN,6,matched,25,16,16,189,313.6,317.6,251.1,67,5,17,1,1,1,1,1,1,1,2,1,1,1,1,1
Bijan Robinson,RB,Bijan Robinson,Bijan Robinson,RB,RB,ATL,ATL,11,matched,23,17,17,292,370.8,379.8,331.3,135,3,3,2,1,2,2,2,2,2,3,2,2,3,2,2
Saquon Barkley,RB,Saquon Barkley,Saquon Barkley,RB,RB,PHI,PHI,10,matched,28,16,16,195,232.3,239.3,213.8,44,13,25,3,2,4,3,3,6,3,,4,4,2,5,3
Jahmyr Gibbs,RB,Jahmyr Gibbs,Jahmyr Gibbs,RB,RB,DET,DET,6,matched,23,17,17,290,366.9,373.9,328.4,133,4,4,4,3,3,4,5,4,5,5,3,3,5,4,4
Justin Jefferson,WR,Justin Jefferson,Justin Jefferson,WR,WR,MIN,MIN,6,matched,26,17,17,118,201.5,204.5,159.5,,30,,5,2,6,5,6,5,4,13,6,6,4,6,5
CeeDee Lamb,WR,CeeDee Lamb,CeeDee Lamb,WR,WR,DAL,DAL,14,matched,26,14,13,126,200.9,203.9,163.4,8,22,63,6,3,5,6,4,3,6,10,5,5,6,3,6
Christian McCaffrey,RB,Christian McCaffrey,Christian McCaffrey,RB,RB,SFO,SF,8,matched,29,17,17,315,416.6,422.6,365.6,157,2,2,7,4,9,8,7,7,7,7,7,7,12,7,7
Amon-Ra St. Brown,WR,Amon-Ra St. Brown,Amon-Ra St. Brown,WR,WR,DET,DET,6,matched,26,17,17,207,324,327,265.5,84,3,11,8,4,7,13,10,9,9,8,10,10,7,10,10
Malik Nabers,WR,Malik Nabers,Malik Nabers,WR,WR,NYG,NYG,8,matched,22,4,4,39,57.1,60.1,48.1,,98,,9,5,11,12,9,10,10,,8,9,10,9,12
Nico Collins,WR,Nico Collins,Nico Collins,WR,WR,HOU,HOU,8,matched,26,15,15,155,226.2,230.2,190.7,35,9,31,10,6,12,15,8,8,13,33,12,11,13,8,9
Derrick Henry,RB,Derrick Henry,Derrick Henry,RB,RB,BAL,BAL,13,matched,31,17,17,265,279.5,288.5,272,109,6,8,11,5,8,7,11,15,12,18,13,12,8,14,8
Ashton Jeanty,RB,Ashton Jeanty,Ashton Jeanty,RB,RB,LVR,LV,13,matched,22,17,17,190,245.1,252.1,217.6,39,15,29,12,6,13,9,12,12,11,24,9,8,11,13,11
Puka Nacua,WR,Puka Nacua,Puka Nacua,WR,WR,LAR,LAR,11,matched,24,16,15,246,375,382,310.5,121,1,5,13,7,14,14,13,13,8,9,15,17,9,11,13
Brian Thomas,WR,Brian Thomas,Brian Thomas Jr.,WR,WR,JAX,JAX,7,matched,23,14,14,91,138.8,141.8,114.8,,45,,14,8,15,19,14,11,15,,11,14,15,12,14
De'Von Achane,RB,De'Von Achane,De'Von Achane,RB,RB,MIA,MIA,6,matched,24,16,16,256,322.8,328.8,289.3,101,7,9,15,7,20,10,19,19,14,17,16,18,14,16,16
Brock Bowers,TE,Brock Bowers,Brock Bowers,TE,TE,LVR,LV,13,matched,23,12,8,112,176.2,179.2,144.2,9,8,62,16,1,10,23,17,18,19,,18,21,16,18,20
Drake London,WR,Drake London,Drake London,WR,WR,ATL,ATL,11,matched,24,12,12,134,201.9,205.9,167.9,15,17,48,17,9,16,24,15,14,21,26,14,19,17,15,18
A.J. Brown,WR,A.J. Brown,A.J. Brown,WR,WR,PHI,NE,11,matched,28,15,15,142,220.3,223.3,181.3,23,14,41,18,10,25,26,20,17,17,,21,23,18,17,23
Josh Jacobs,RB,Josh Jacobs,Josh Jacobs,RB,RB,GNB,GB,11,matched,27,15,15,201,237.1,245.1,219.1,50,12,22,19,8,24,11,23,24,18,15,22,15,19,23,15
Jonathan Taylor,RB,Jonathan Taylor,Jonathan Taylor,RB,RB,IND,IND,13,matched,26,17,17,316,362.3,369.3,339.3,158,1,1,20,9,21,21,18,20,16,4,20,20,23,22,17
Chase Brown,RB,Chase Brown,Chase Brown,RB,RB,CIN,CIN,6,matched,25,17,17,214,282.6,288.6,248.1,61,10,20,21,10,28,22,16,16,25,35,17,13,27,19,24
Bucky Irving,RB,Bucky Irving,Bucky Irving,RB,RB,TAM,TB,10,matched,23,10,9,109,138.5,145.5,123.5,,36,,22,11,23,20,21,22,23,,19,16,21,20,19
Josh Allen,QB,Josh Allen,Josh Allen,QB,QB,BUF,BUF,7,matched,29,17,17,365,364.6,383.6,374.6,87,1,10,23,1,18,17,25,27,20,1,27,25,20,28,22
Lamar Jackson,QB,Lamar Jackson,Lamar Jackson,QB,QB,BAL,BAL,13,matched,28,13,13,215,214.9,230.9,221.9,,20,,24,2,17,16,27,30,22,12,24,24,22,29,21
Ladd McConkey,WR,Ladd McConkey,Ladd McConkey,WR,WR,LAC,LAC,7,matched,24,16,12,115,180.9,183.9,147.9,,32,,25,11,22,29,22,21,30,34,23,29,24,21,25
Trey McBride,TE,Trey McBride,Trey McBride,TE,TE,ARI,ARI,14,matched,26,17,17,190,315.9,318.9,252.9,82,1,12,26,2,19,36,24,23,24,25,26,28,26,25,27
Kyren Williams,RB,Kyren Williams,Kyren Williams,RB,RB,LAR,LAR,11,matched,25,17,17,227,263.3,271.3,245.3,74,8,16,27,12,30,18,28,31,31,20,25,22,28,31,26
Tee Higgins,WR,Tee Higgins,Tee Higgins,WR,WR,CIN,CIN,6,matched,26,15,14,153,211.6,214.6,182.1,33,11,33,28,12,31,32,26,25,26,50,29,36,30,24,29
Jayden Daniels,QB,Jayden Daniels,Jayden Daniels,QB,QB,WAS,WAS,7,matched,25,7,7,114,114.3,125.3,117.3,,34,,29,3,29,30,37,38,27,,36,32,31,37,28
James Cook,RB,James Cook,James Cook III,RB,RB,BUF,BUF,7,matched,26,17,17,269,302.2,311.2,285.7,114,5,7,30,13,34,28,31,42,32,14,34,27,32,39,31
Tyreek Hill,WR,Tyreek Hill,Tyreek Hill,WR,WR,MIA,FA,,matched,31,4,4,33,53.5,56.5,43,,108,,31,13,45,37,33,33,29,,35,31,25,26,35
Jaxon Smith-Njigba,WR,Jaxon Smith-Njigba,Jaxon Smith-Njigba,WR,WR,SEA,SEA,11,matched,23,17,17,241,359.9,363.9,300.4,116,2,6,32,14,37,41,30,29,36,6,28,33,29,32,32
Omarion Hampton,RB,Omarion Hampton,Omarion Hampton,RB,RB,LAC,LAC,7,matched,22,9,6,104,135.7,141.7,119.7,,38,,33,14,35,40,29,28,40,,31,26,42,27,36
George Kittle,TE,George Kittle,George Kittle,TE,TE,SFO,SF,8,matched,32,11,11,105,161.5,164.5,133,2,11,73,34,3,26,39,35,34,35,46,41,41,37,34,30
Garrett Wilson,WR,Garrett Wilson,Garrett Wilson,WR,WR,NYJ,NYJ,13,matched,25,7,7,64,99.5,102.5,81.5,,64,,35,15,40,47,38,26,41,,30,43,33,35,37
Mike Evans,WR,Mike Evans,Mike Evans,WR,WR,TAM,SF,8,matched,32,8,8,55,84.8,87.8,69.8,,76,,36,16,33,38,32,32,42,,39,49,39,33,34
Marvin Harrison Jr.,WR,Marvin Harrison Jr.,Marvin Harrison Jr.,WR,WR,ARI,ARI,14,matched,23,12,10,87,127.8,130.8,107.3,,48,,37,17,36,45,36,36,45,60,33,45,36,30,38
Jalen Hurts,QB,Jalen Hurts,Jalen Hurts,QB,QB,PHI,PHI,10,matched,27,16,16,299,299.1,315.1,305.1,26,8,38,38,4,32,31,43,41,28,16,42,44,35,44,33
Joe Burrow,QB,Joe Burrow,Joe Burrow,QB,QB,CIN,CIN,6,matched,29,8,8,134,134.5,142.5,139.5,,29,,39,5,27,25,44,55,33,,32,37,38,63,40
Davante Adams,WR,Davante Adams,Davante Adams,WR,WR,LAR,LAR,11,matched,33,14,14,163,222.9,225.9,192.9,43,7,26,40,18,59,35,39,40,34,22,38,42,43,36,45
Breece Hall,RB,Breece Hall,Breece Hall,RB,RB,NYJ,NYJ,13,matched,24,16,16,172,207.7,215.7,189.7,22,18,42,41,15,42,33,50,47,51,,44,34,34,46,43
Terry McLaurin,WR,Terry McLaurin,Terry McLaurin,WR,WR,WAS,WAS,7,matched,30,10,10,76,114.2,117.2,95.2,,52,,42,19,51,43,48,44,37,,47,40,41,41,42
Kenneth Walker III,RB,Kenneth Walker III,Ken Walker III,RB,RB,SEA,KC,5,matched,25,17,17,161,191.9,197.9,176.4,12,21,55,43,16,54,34,40,37,38,58,40,38,44,47,39
Alvin Kamara,RB,Alvin Kamara,Alvin Kamara,RB,RB,NOR,NO,8,matched,30,11,11,68,100.7,108.7,84.2,,53,,44,17,48,27,47,52,39,,50,30,40,58,44
TreVeyon Henderson,RB,TreVeyon Henderson,TreVeyon Henderson,RB,RB,NWE,NE,11,matched,23,17,4,171,206.2,213.2,188.7,22,19,43,45,18,52,48,34,35,49,,37,35,60,43,61
D.J. Moore,WR,D.J. Moore,DJ Moore,WR,WR,CHI,BUF,7,matched,28,17,17,120,170.2,174.2,145.2,3,28,71,46,20,56,53,51,49,53,,45,51,49,49,55
Courtland Sutton,WR,Courtland Sutton,Courtland Sutton,WR,WR,DEN,DEN,10,matched,30,17,16,146,219.7,222.7,182.7,27,12,37,47,21,46,54,45,46,58,48,48,50,51,48,58
Chuba Hubbard,RB,Chuba Hubbard,Chuba Hubbard,RB,RB,CAR,CAR,5,matched,26,15,6,95,125.4,132.4,110.4,,42,,48,19,72,44,54,60,43,,53,39,46,54,41
Xavier Worthy,WR,Xavier Worthy,Xavier Worthy,WR,WR,KAN,KC,5,matched,22,14,13,68,109.9,112.9,88.9,,59,,49,22,61,51,41,43,48,,43,61,55,40,57
D.K. Metcalf,WR,D.K. Metcalf,DK Metcalf,WR,WR,PIT,PIT,9,matched,28,15,15,128,187.2,190.2,157.7,10,20,59,50,23,79,49,53,56,46,39,49,53,45,50,48
James Conner,RB,James Conner,James Conner,RB,RB,ARI,ARI,14,matched,30,3,3,25,33.3,33.3,29.3,,75,,51,20,80,42,57,61,50,,55,46,50,62,46
DeVonta Smith,WR,DeVonta Smith,DeVonta Smith,WR,WR,PHI,PHI,10,matched,27,17,16,125,201.8,204.8,163.3,7,25,66,52,24,55,58,56,53,61,38,56,60,53,52,51
Sam LaPorta,TE,Sam LaPorta,Sam LaPorta,TE,TE,DET,DET,6,matched,24,9,9,67,106.9,109.9,86.9,,26,,53,4,38,57,67,74,47,43,69,65,47,77,47
Tetairoa McMillan,WR,Tetairoa McMillan,Tetairoa McMillan,WR,WR,CAR,CAR,5,matched,22,17,17,141,211.4,215.4,176.4,22,15,44,54,25,73,65,42,39,73,56,46,52,59,38,72
Jameson Williams,WR,Jameson Williams,Jameson Williams,WR,WR,DET,DET,6,matched,24,17,15,155,219.9,222.9,187.4,35,10,32,55,26,74,67,46,48,67,,52,64,61,45,65
George Pickens,WR,George Pickens,George Pickens,WR,WR,DAL,DAL,14,matched,24,17,15,199,291.9,294.9,245.4,77,4,13,56,27,75,64,49,45,63,28,51,62,58,42,56
Patrick Mahomes,QB,Patrick Mahomes,Patrick Mahomes II,QB,QB,KAN,KC,5,matched,30,14,14,285,285.7,302.7,296.2,12,11,53,57,6,39,46,73,77,44,11,70,59,52,80,49
Rashee Rice,WR,Rashee Rice,Rashee Rice,WR,WR,KAN,KC,5,matched,25,8,8,97,150.1,153.1,123.6,,41,,58,28,63,72,62,70,59,19,65,70,48,60,69
Calvin Ridley,WR,Calvin Ridley,Calvin Ridley,WR,WR,TEN,TEN,9,matched,31,7,6,30,47.3,50.3,38.8,,114,,59,29,76,66,55,50,62,,54,56,72,51,75
Zay Flowers,WR,Zay Flowers,Zay Flowers,WR,WR,BAL,BAL,13,matched,25,17,17,157,243.3,249.3,200.3,37,8,30,60,30,84,63,60,59,55,37,58,68,56,57,60
D'Andre Swift,RB,D'Andre Swift,D'Andre Swift,RB,RB,CHI,CHI,10,matched,26,16,16,195,228.6,236.6,211.6,44,14,24,61,21,87,50,63,57,56,36,57,47,70,70,67
RJ Harvey,RB,RJ Harvey,RJ Harvey,RB,RB,DEN,DEN,10,matched,24,17,7,160,206.6,213.6,183.1,11,22,57,62,22,92,59,59,62,75,65,59,48,64,61,53
Isiah Pacheco,RB,Isiah Pacheco,Isiah Pacheco,RB,RB,KAN,DET,6,matched,26,13,12,68,87.3,93.3,77.8,,52,,63,23,70,68,64,69,68,,64,55,63,71,63
David Montgomery,RB,David Montgomery,David Montgomery,RB,RB,DET,HOU,8,matched,28,17,0,143,166.9,173.9,154.9,,27,,64,24,81,56,72,73,60,,72,58,54,75,50
T.J. Hockenson,TE,T.J. Hockenson,T.J. Hockenson,TE,TE,MIN,MIN,6,matched,28,15,15,62,112.8,115.8,87.3,,29,,65,5,47,71,83,87,54,,80,76,57,87,52
Travis Kelce,TE,Travis Kelce,Travis Kelce,TE,TE,KAN,KC,5,matched,36,17,17,117,193.2,196.2,155.2,13,5,52,66,6,41,60,79,79,57,54,83,63,62,91,59
Jaylen Waddle,WR,Jaylen Waddle,Jaylen Waddle,WR,WR,MIA,DEN,10,matched,27,16,16,130,194.1,197.1,162.1,12,19,56,67,31,82,81,61,58,64,52,60,78,68,53,64
Travis Hunter,WR,Travis Hunter,Travis Hunter,WR,CB,JAX,JAX,7,matched,22,7,4,36,63.8,66.8,49.8,,105,,68,1,89,79,66,63,71,,66,74,67,55,74
Tony Pollard,RB,Tony Pollard,Tony Pollard,RB,RB,TEN,TEN,9,matched,28,17,17,153,185.8,194.8,169.3,4,23,68,69,25,85,62,68,64,74,,68,54,77,68,54
Baker Mayfield,QB,Baker Mayfield,Baker Mayfield,QB,QB,TAM,TB,10,matched,30,17,17,272,271.9,291.9,282.9,,12,75,70,7,43,55,80,102,52,,76,73,66,93,68
Aaron Jones,RB,Aaron Jones,Aaron Jones Sr.,RB,RB,MIN,MIN,6,matched,31,12,12,91,118.7,125.7,104.7,,44,,71,26,86,52,77,76,69,,77,57,69,78,73
Mark Andrews,TE,Mark Andrews,Mark Andrews,TE,TE,BAL,BAL,13,matched,30,17,11,83,131,134,107,,18,,72,7,44,70,94,88,72,,92,92,73,95,62
Jerry Jeudy,WR,Jerry Jeudy,Jerry Jeudy,WR,WR,CLE,CLE,11,matched,26,17,16,71,120.7,124.7,95.7,,56,,73,32,90,73,74,72,65,,63,67,74,72,89
Bo Nix,QB,Bo Nix,Bo Nix,QB,QB,DEN,DEN,10,matched,25,17,17,305,304.8,323.8,315.8,31,7,34,74,8,67,69,84,93,66,,85,77,71,96,66
Rome Odunze,WR,Rome Odunze,Rome Odunze,WR,WR,CHI,CHI,10,matched,23,12,12,102,146.1,149.1,124.1,,36,,75,33,94,96,70,65,76,29,67,83,80,64,79
Chris Olave,WR,Chris Olave,Chris Olave,WR,WR,NOR,NO,8,matched,25,16,16,168,268,272,219,48,6,23,76,34,95,93,78,71,86,59,75,82,75,67,78
Kaleb Johnson,RB,Kaleb Johnson,Kaleb Johnson,RB,RB,PIT,PIT,9,matched,22,10,0,8,8.8,8.8,8.3,,109,,77,27,93,75,82,78,93,,74,75,78,79,70
Ricky Pearsall,WR,Ricky Pearsall,Ricky Pearsall,WR,WR,SFO,SF,8,matched,25,9,9,53,88.6,91.6,70.6,,78,,78,35,88,84,58,54,104,,62,69,100,59,94
Emeka Egbuka,WR,Emeka Egbuka,Emeka Egbuka,WR,WR,TAM,TB,10,matched,23,17,13,133,195.7,198.7,164.2,14,18,51,79,36,91,99,52,51,108,30,61,71,101,56,93
Deebo Samuel,WR,Deebo Samuel,Deebo Samuel Sr.,WR,WR,WAS,SF,8,matched,29,16,12,116,188.2,191.2,152.2,,31,,80,37,78,80,65,68,95,66,73,85,84,65,98
Stefon Diggs,WR,Stefon Diggs,Stefon Diggs,WR,WR,NWE,WAS,7,matched,32,17,17,125,210.3,213.3,167.8,7,24,65,81,38,106,88,75,66,83,68,78,84,87,69,97
Tyrone Tracy Jr.,RB,Tyrone Tracy Jr.,Tyrone Tracy Jr.,RB,RB,NYG,NYG,8,matched,26,15,11,125,160.8,167.8,142.8,,32,,82,28,97,77,81,89,82,,81,66,89,84,81
Evan Engram,TE,Evan Engram,Evan Engram,TE,TE,DEN,DEN,10,matched,31,16,2,53,102.8,105.8,77.8,,32,,83,8,62,94,93,99,78,,95,90,81,107,80
Jakobi Meyers,WR,Jakobi Meyers,Jakobi Meyers,WR,WR,2TM,JAX,7,matched,29,16,13,101,175.8,179.8,138.3,,38,,84,39,101,74,71,75,81,,71,97,82,73,96
Jordan Addison,WR,Jordan Addison,Jordan Addison,WR,WR,MIN,MIN,6,matched,23,14,12,93,135.1,138.1,114.1,,43,,85,40,104,102,86,81,101,55,82,95,79,74,95
Matthew Golden,WR,Matthew Golden,Matthew Golden,WR,WR,GNB,GB,11,matched,22,14,5,41,70,73,55.5,,92,,86,41,108,101,69,67,84,,79,87,94,66,115
Tyler Warren,TE,Tyler Warren,Tyler Warren,TE,TE,IND,IND,13,matched,23,17,12,113,188.5,191.5,150.5,9,7,61,87,9,66,103,76,83,103,32,94,94,91,89,111
Jaylen Warren,RB,Jaylen Warren,Jaylen Warren,RB,RB,PIT,PIT,9,matched,27,16,15,177,217.1,223.1,197.1,27,17,36,88,29,109,87,92,85,89,47,84,72,96,88,87
Kyler Murray,QB,Kyler Murray,Kyler Murray,QB,QB,ARI,MIN,6,matched,28,5,5,78,77.8,87.8,80.8,,38,,89,9,68,76,98,104,77,,103,106,95,98,92
David Njoku,TE,David Njoku,David Njoku,TE,TE,CLE,LAC,7,matched,29,12,11,53,86.3,89.3,69.8,,31,,90,10,83,78,101,106,70,,101,101,86,118,77
Joe Mixon,RB,,Joe Mixon,,RB,,FA,,adp_only,,,,,,,,,,,91,30,99,61,109,135,87,,106,96,65,122,76
Dak Prescott,QB,Dak Prescott,Dak Prescott,QB,QB,DAL,DAL,14,matched,32,17,17,314,313.8,331.8,323.8,39,6,28,92,10,71,83,89,97,100,42,90,93,117,103,84
Jauan Jennings,WR,Jauan Jennings,Jauan Jennings,WR,WR,SFO,MIN,6,matched,28,15,15,118,173.3,177.3,145.8,1,29,74,93,42,111,110,85,82,115,,86,103,98,76,101
Cooper Kupp,WR,Cooper Kupp,Cooper Kupp,WR,WR,SEA,SEA,11,matched,32,16,15,69,116.3,121.3,93.8,,58,,94,43,114,90,87,100,80,,93,89,85,100,121
Jordan Mason,RB,Jordan Mason,Jordan Mason,RB,RB,MIN,MIN,6,matched,26,16,5,115,128.9,132.9,121.9,,33,,95,31,107,98,88,84,132,,87,79,107,82,90
Brock Purdy,QB,Brock Purdy,Brock Purdy,QB,QB,SFO,SF,8,matched,26,9,9,177,177.4,195.4,187.4,,23,,96,11,77,91,100,107,79,,108,122,108,101,71
Khalil Shakir,WR,Khalil Shakir,Khalil Shakir,WR,WR,BUF,BUF,7,matched,25,16,10,94,166.4,170.4,130.4,,42,,97,44,103,113,91,92,106,,88,104,90,81,129
Chris Godwin,WR,Chris Godwin,Chris Godwin Jr.,WR,WR,TAM,TB,10,matched,29,9,6,50,83,86,66.5,,81,,98,45,98,85,117,118,88,,107,102,93,104,102
Travis Etienne,RB,Travis Etienne,Travis Etienne Jr.,RB,RB,JAX,NO,8,matched,26,17,16,218,253.9,259.9,235.9,66,9,18,99,32,113,92,99,101,120,53,89,86,92,106,107
Jared Goff,QB,Jared Goff,Jared Goff,QB,QB,DET,DET,6,matched,31,17,17,297,297.1,313.1,305.1,24,9,39,100,12,57,89,105,120,119,49,102,116,88,120,104
Justin Fields,QB,Justin Fields,Justin Fields,QB,QB,NYJ,KC,5,matched,26,9,9,143,142.7,152.7,143.7,,28,,101,13,69,109,108,98,118,,115,124,150,109,82
J.K. Dobbins,RB,J.K. Dobbins,J.K. Dobbins,RB,RB,DEN,DEN,10,matched,27,10,9,105,115.9,118.9,110.4,,37,,102,33,121,100,102,94,97,62,97,88,112,97,106
Zach Charbonnet,RB,Zach Charbonnet,Zach Charbonnet,RB,RB,SEA,SEA,11,matched,24,16,0,161,181.4,187.4,171.4,12,20,54,103,34,102,95,95,91,145,,91,80,113,94,114
Tucker Kraft,TE,Tucker Kraft,Tucker Kraft,TE,TE,GNB,GB,11,matched,25,8,8,85,117.2,120.2,101.2,,17,,104,11,100,118,113,114,98,,111,110,114,112,88
Jayden Reed,WR,Jayden Reed,Jayden Reed,WR,WR,GNB,GB,11,matched,25,7,3,30,48.5,51.5,39,,118,,105,46,123,121,104,96,126,,98,114,106,86,113
Brian Robinson Jr.,RB,Brian Robinson Jr.,Brian Robinson Jr,RB,RB,SFO,ATL,11,matched,26,17,0,55,62.5,65.5,58.5,,58,,106,35,125,82,116,147,102,,110,113,83,133,85
Keon Coleman,WR,Keon Coleman,Keon Coleman,WR,WR,BUF,BUF,7,matched,22,13,6,64,102.4,106.4,83.4,,62,,107,47,116,123,97,80,114,,100,117,121,85,163
Michael Pittman Jr.,WR,Michael Pittman Jr.,Michael Pittman Jr,WR,WR,IND,PIT,9,matched,28,17,16,122,202.4,205.4,162.4,5,26,67,108,48,115,108,96,86,105,40,96,112,120,90,148
Colston Loveland,TE,Colston Loveland,Colston Loveland,TE,TE,CHI,CHI,10,matched,21,16,11,107,165.1,168.1,136.1,4,9,69,109,12,110,130,106,111,113,,122,115,105,108,132
Cam Skattebo,RB,Cam Skattebo,Cam Skattebo,RB,RB,NYG,NYG,8,matched,23,8,5,104,127.7,134.7,115.7,,39,,110,36,119,104,122,122,123,,113,100,99,116,124
Josh Downs,WR,Josh Downs,Josh Downs,WR,WR,IND,IND,13,matched,24,16,11,78,136.4,140.4,107.4,,50,,111,49,124,136,103,95,139,,99,121,110,83,136
Caleb Williams,QB,Caleb Williams,Caleb Williams,QB,QB,CHI,CHI,10,matched,24,17,17,317,318.7,332.7,324.7,42,5,27,112,14,122,124,110,108,112,45,112,105,140,113,110
Quinshon Judkins,RB,Quinshon Judkins,Quinshon Judkins,RB,RB,CLE,CLE,11,matched,22,14,14,144,169.8,175.8,156.8,,26,,113,37,118,105,128,143,94,41,126,119,76,144,112
Jacory Croskey-Merritt,RB,Jacory Croskey-Merritt,Jacory Croskey-Merritt,RB,RB,WAS,WAS,7,matched,24,17,7,131,140.3,145.3,135.8,,28,,114,38,105,126,90,90,159,,104,81,176,99,118
Justin Herbert,QB,Justin Herbert,Justin Herbert,QB,QB,LAC,LAC,7,matched,27,16,16,287,286.9,307.9,299.9,14,10,50,115,15,127,117,120,125,92,23,121,131,103,126,103
Javonte Williams,RB,Javonte Williams,Javonte Williams,RB,RB,DAL,DAL,14,matched,25,16,16,208,242.8,250.8,225.3,56,11,21,116,39,120,97,115,127,109,27,105,91,109,128,142
Drake Maye,QB,Drake Maye,Drake Maye,QB,QB,NWE,NE,11,matched,23,17,17,351,352,369,359.5,74,2,14,117,16,128,132,111,110,129,21,118,136,143,110,109
Dalton Kincaid,TE,Dalton Kincaid,Dalton Kincaid,TE,TE,BUF,BUF,7,matched,26,12,4,87,126.1,129.1,106.6,,15,,118,13,96,147,131,130,127,,137,141,111,132,119
Rhamondre Stevenson,RB,Rhamondre Stevenson,Rhamondre Stevenson,RB,RB,NWE,NE,11,matched,27,14,13,147,178.8,187.8,162.8,,25,,119,40,138,112,138,134,111,,128,109,123,125,122
Tank Bigsby,RB,Tank Bigsby,Tank Bigsby,RB,RB,2TM,PHI,10,matched,24,17,1,51,53.8,56.8,52.3,,60,,120,41,135,116,130,121,136,,114,99,146,121,108
C.J. Stroud,QB,C.J. Stroud,C.J. Stroud,QB,QB,HOU,HOU,8,matched,24,14,14,209,208.5,222.5,216.5,,21,,121,17,137,129,126,129,140,,129,149,119,134,128
Austin Ekeler,RB,Austin Ekeler,Austin Ekeler,RB,RB,WAS,FA,,matched,30,2,2,8,13.1,13.1,10.6,,107,,122,42,139,120,129,128,121,,140,98,152,135,147
Kyle Pitts,TE,Kyle Pitts,Kyle Pitts Sr.,TE,TE,ATL,ATL,11,matched,25,17,17,123,210.8,213.8,166.8,19,3,46,123,14,146,150,125,137,130,,134,139,115,140,144
Braelon Allen,RB,Braelon Allen,Braelon Allen,RB,RB,NYJ,NYJ,13,matched,21,4,0,13,15.3,16.3,14.3,,96,,124,43,117,140,127,109,162,,131,107,178,129,100
Jake Ferguson,TE,Jake Ferguson,Jake Ferguson,TE,TE,DAL,DAL,14,matched,26,17,10,106,188.1,193.1,147.1,3,10,72,125,15,141,142,136,140,142,61,127,132,126,137,117
Jordan Love,QB,Jordan Love,Jordan Love,QB,QB,GNB,GB,11,matched,27,15,15,235,235.1,249.1,241.1,,15,77,126,18,134,125,132,133,138,,135,156,145,127,123
J.J. McCarthy,QB,J.J. McCarthy,J.J. McCarthy,QB,QB,MIN,MIN,6,matched,22,10,10,125,125.4,145.4,137.4,,32,,127,19,133,155,123,123,134,,136,145,151,123,134
Rashid Shaheed,WR,Rashid Shaheed,Rashid Shaheed,WR,WR,2TM,SEA,11,matched,27,18,13,98,156.6,160.6,127.1,,39,,128,50,142,157,114,103,128,,123,148,142,102,175
Dallas Goedert,TE,Dallas Goedert,Dallas Goedert,TE,TE,PHI,PHI,10,matched,30,15,15,125,185.1,188.1,155.1,21,2,45,129,16,112,122,140,144,124,,154,165,125,141,120
Jayden Higgins,WR,Jayden Higgins,Jayden Higgins,WR,WR,HOU,HOU,8,matched,23,17,10,89,129.5,132.5,109,,47,,130,51,151,164,112,113,137,,117,134,118,92,195
Keenan Allen,WR,Keenan Allen,Keenan Allen,WR,WR,LAC,IND,13,matched,33,17,3,102,182.7,185.7,142.2,,37,,131,52,130,149,107,112,122,57,125,133,160,119,174
Jaydon Blue,RB,Jaydon Blue,Jaydon Blue,RB,RB,DAL,DAL,14,matched,21,5,0,19,20.4,23.4,19.9,,84,,132,44,144,131,139,117,158,,130,111,144,146,165
Darnell Mooney,WR,Darnell Mooney,Darnell Mooney,WR,WR,ATL,NYG,8,matched,28,15,15,50,82.3,85.3,66.3,,80,,133,53,149,119,134,126,135,,119,137,124,105,205
Brandon Aiyuk,WR,,Brandon Aiyuk,,WR,,SF,8,adp_only,,,,,,,,,,,135,54,145,138,144,151,161,,146,142,122,131,172
Christian Kirk,WR,Christian Kirk,Christian Kirk,WR,WR,HOU,SF,8,matched,29,13,3,30,57.9,60.9,43.9,,116,,136,55,126,128,121,105,181,,109,150,164,115,194
Nick Chubb,RB,Nick Chubb,Nick Chubb,RB,RB,HOU,FA,,matched,30,15,9,75,88.3,91.3,81.8,,50,,137,45,153,133,124,150,154,,153,108,137,154,137
Najee Harris,RB,Najee Harris,Najee Harris,RB,RB,LAC,NYG,8,matched,27,3,0,9,11.6,11.6,10.1,,105,,138,46,132,114,169,164,170,,148,120,138,160,130
Luther Burden,WR,Luther Burden,Luther Burden III,WR,WR,CHI,CHI,10,matched,22,15,5,81,127.9,130.9,104.4,,49,,139,56,143,170,135,116,188,,124,153,153,111,171
Trevor Lawrence,QB,Trevor Lawrence,Trevor Lawrence,QB,QB,JAX,JAX,7,matched,26,17,17,338,338.2,359.2,350.2,62,4,19,141,20,136,156,133,131,169,,143,147,180,130,169
Jonnu Smith,TE,Jonnu Smith,Jonnu Smith,TE,TE,PIT,FA,,matched,30,17,7,47,85.2,88.2,66.2,,35,,142,17,154,162,173,186,180,,161,157,102,187,131
Bhayshul Tuten,RB,Bhayshul Tuten,Bhayshul Tuten,RB,RB,JAX,JAX,7,matched,22,15,0,79,88.6,92.6,83.6,,48,,143,47,160,144,145,132,207,,139,125,173,124,150
Rashod Bateman,WR,Rashod Bateman,Rashod Bateman,WR,WR,BAL,BAL,13,matched,26,13,12,36,55.4,58.4,45.9,,103,,144,57,140,139,119,119,178,,132,195,165,114,187
Trey Benson,RB,Trey Benson,Trey Benson,RB,RB,ARI,FA,,matched,23,4,1,22,35.4,38.4,28.9,,80,,145,48,147,160,141,138,155,,120,123,162,139,184
Marvin Mims,WR,Marvin Mims,Marvin Mims Jr.,WR,WR,DEN,DEN,10,matched,23,15,4,56,93,97,74.5,,72,,146,58,131,178,118,115,168,,116,129,154,,198
Rachaad White,RB,Rachaad White,Rachaad White,RB,RB,TAM,WAS,7,matched,26,17,8,103,143,149,123,,40,,147,49,163,135,161,174,150,,156,126,156,167,181
Marquise Brown,WR,Marquise Brown,Hollywood Brown,WR,WR,KAN,PHI,10,matched,28,16,6,89,137.7,140.7,113.2,,46,,150,59,166,213,168,155,171,,152,168,194,145,164
Zach Ertz,TE,Zach Ertz,Zach Ertz,TE,TE,WAS,FA,,matched,35,13,13,76,126.4,129.4,101.4,,21,,151,18,158,115,143,160,160,,173,176,155,165,152
Tyjae Spears,RB,Tyjae Spears,Tyjae Spears,RB,RB,TEN,TEN,9,matched,24,13,1,67,111.7,117.7,89.2,,54,,152,50,167,146,157,167,143,,149,138,149,172,182
Michael Penix,QB,Michael Penix,Michael Penix Jr.,QB,QB,ATL,ATL,11,matched,25,9,9,120,120.3,128.3,123.3,,33,,153,21,152,171,137,142,177,,168,193,183,143,145
Hunter Henry,TE,Hunter Henry,Hunter Henry,TE,TE,NWE,NE,11,matched,31,17,17,119,178.8,181.8,148.8,15,4,49,154,19,175,167,159,159,156,,172,170,172,162,141
Ray Davis,RB,Ray Davis,Ray Davis,RB,RB,BUF,BUF,7,matched,26,17,0,54,64.1,67.1,59.1,,59,,155,51,150,163,152,148,206,,141,140,175,142,179
Tua Tagovailoa,QB,Tua Tagovailoa,Tua Tagovailoa,QB,QB,MIA,ATL,11,matched,27,14,14,161,160.7,179.7,175.7,,25,,156,22,148,153,146,154,163,,183,162,212,158,143
Adam Thielen,WR,Adam Thielen,Adam Thielen,WR,WR,2TM,FA,,matched,35,16,7,21,39.6,42.6,30.1,,132,,159,60,171,169,142,166,152,,162,190,169,169,162
Bryce Young,QB,Bryce Young,Bryce Young,QB,QB,CAR,CAR,5,matched,24,16,16,218,218,239,229,,19,,160,23,168,191,148,146,190,,167,186,188,150,158
Tyler Allgeier,RB,Tyler Allgeier,Tyler Allgeier,RB,RB,ATL,ARI,14,matched,25,17,2,109,123,126,116,,35,,162,52,186,175,166,156,164,,158,152,187,156,192
Dylan Sampson,RB,Dylan Sampson,Dylan Sampson,RB,RB,CLE,CLE,11,matched,21,15,2,55,87.6,94.6,71.1,,57,,164,53,162,189,151,139,,,133,135,181,138,178
Jerome Ford,RB,Jerome Ford,Jerome Ford,RB,RB,CLE,FA,,matched,26,13,0,18,43.6,46.6,30.6,,86,,165,54,174,141,163,168,173,,157,118,184,171,176
Josh Palmer,WR,Josh Palmer,Joshua Palmer,WR,WR,BUF,BUF,7,matched,26,12,8,30,52.3,55.3,41.3,,113,,166,61,161,,149,124,,,155,184,190,136,155
Tre Harris,WR,Tre Harris,Tre' Harris,WR,WR,LAC,LAC,7,matched,23,17,10,39,69.4,72.4,54.4,,96,,167,62,183,,156,169,,,151,171,148,159,191
Cam Ward,QB,Cam Ward,Cam Ward,QB,QB,TEN,TEN,9,matched,23,17,17,187,186.7,206.7,193.7,,22,,168,24,172,187,150,149,166,,185,227,163,151,138
Cedric Tillman,WR,Cedric Tillman,Cedric Tillman,WR,WR,CLE,CLE,11,matched,25,13,10,39,60,63,49.5,,99,,169,63,157,204,158,136,165,,144,175,189,152,229
Matthew Stafford,QB,Matthew Stafford,Matthew Stafford,QB,QB,LAR,LAR,11,matched,37,17,17,350,350.4,364.4,358.4,74,3,15,171,25,156,152,167,176,167,31,204,202,211,177,146
Isaac Guerendo,RB,Isaac Guerendo,Isaac Guerendo,RB,RB,SFO,SF,8,matched,25,14,0,,,,,,146,,172,55,170,143,187,200,184,,142,178,167,218,166
Isaiah Likely,TE,Isaiah Likely,Isaiah Likely,TE,TE,BAL,NYG,8,matched,25,14,7,35,61.7,65.7,48.2,,50,,173,20,179,194,175,188,199,,182,197,168,176,185
Xavier Legette,WR,Xavier Legette,Xavier Legette,WR,WR,CAR,CAR,5,matched,24,15,12,54,89.3,92.3,71.8,,77,,175,64,177,199,174,172,157,,164,179,191,161,237
Rico Dowdle,RB,Rico Dowdle,Rico Dowdle,RB,RB,CAR,PIT,9,matched,27,17,11,177,216.3,223.3,196.8,27,16,35,176,56,164,205,176,178,,44,165,143,198,179,170
Kyle Williams,WR,Kyle Williams,Kyle Williams,WR,WR,NWE,NE,11,matched,23,17,0,39,49.2,52.2,44.2,,97,,177,65,184,,170,170,,,175,166,171,153,177
Sam Darnold,QB,Sam Darnold,Sam Darnold,QB,QB,SEA,SEA,11,matched,28,17,17,235,235.4,258.4,249.4,,14,78,178,26,173,,162,173,203,,190,204,219,181,139
Ollie Gordon,RB,Ollie Gordon,Ollie Gordon II,RB,RB,MIA,MIA,6,matched,21,17,1,47,54.1,57.1,50.6,,63,,179,57,155,,160,152,,,181,130,236,147,186
Chig Okonkwo,TE,Chig Okonkwo,Chig Okonkwo,TE,TE,TEN,WAS,7,matched,26,17,12,68,124,127,96,,24,,180,21,181,,171,163,193,,193,185,208,166,173
Wan'Dale Robinson,WR,Wan'Dale Robinson,Wan'Dale Robinson,WR,WR,NYG,TEN,9,matched,24,16,15,126,217.9,220.9,171.9,8,23,64,181,66,165,172,165,162,183,63,147,180,195,170,233
Geno Smith,QB,Geno Smith,Geno Smith,QB,QB,LVR,NYJ,13,matched,35,15,15,174,173.9,197.9,190.9,,24,,182,27,159,177,155,161,212,,208,203,241,164,140
Brenton Strange,TE,Brenton Strange,Brenton Strange,TE,TE,JAX,JAX,7,matched,25,12,12,72,118,121,95,,23,,183,22,180,198,153,153,220,,170,177,185,155,203
DeMario Douglas,WR,DeMario Douglas,DeMario Douglas,WR,WR,NWE,NE,11,matched,25,17,0,65,95.8,98.8,80.3,,61,,184,67,169,209,147,141,,,145,181,209,148,230
Cade Otton,TE,Cade Otton,Cade Otton,TE,TE,TAM,TB,10,matched,26,16,16,63,122.2,125.2,92.7,,28,,185,23,182,218,172,180,202,,216,173,220,182,154
Romeo Doubs,WR,Romeo Doubs,Romeo Doubs,WR,WR,GNB,NE,11,matched,25,16,15,110,165.4,168.4,137.9,,34,,188,68,176,207,154,145,,,166,211,218,149,235
Aaron Rodgers,QB,Aaron Rodgers,Aaron Rodgers,QB,QB,PIT,PIT,9,matched,42,16,16,226,227.1,238.1,233.6,,18,,190,28,198,,177,189,195,,236,239,215,198,127
Dont'e Thornton,WR,Dont'e Thornton,Dont'e Thornton Jr.,WR,WR,LVR,LV,13,matched,23,15,8,14,23.5,26.5,18.5,,152,,191,69,194,,164,158,,,196,167,182,157,
Kareem Hunt,RB,Kareem Hunt,Kareem Hunt,RB,RB,KAN,FA,,matched,30,17,4,127,145.4,152.4,136.4,,30,,193,58,203,217,192,218,,,201,155,196,209,149
Jaylen Wright,RB,Jaylen Wright,Jaylen Wright,RB,RB,MIA,MIA,6,matched,22,10,1,43,48.2,52.2,45.7,,67,,194,59,189,185,205,213,172,,159,189,192,237,183
Woody Marks,RB,Woody Marks,Woody Marks,RB,RB,HOU,HOU,8,matched,25,16,8,127,151.1,157.1,139.1,,31,,197,60,188,,179,177,,,180,159,213,175,234
DeAndre Hopkins,WR,DeAndre Hopkins,DeAndre Hopkins,WR,WR,BAL,FA,,matched,33,17,3,45,67,70,56,,85,,198,70,228,,190,223,,,223,161,199,206,151
Pat Freiermuth,TE,Pat Freiermuth,Pat Freiermuth,TE,TE,PIT,PIT,9,matched,27,17,8,73,113.6,116.6,93.1,,22,,199,24,187,203,210,231,198,,224,219,217,226,157
Will Shipley,RB,Will Shipley,Will Shipley,RB,RB,PHI,PHI,10,matched,23,15,0,9,17.5,18.5,13,,106,,200,61,201,214,182,165,,,174,187,223,173,231
Pat Bryant,WR,Pat Bryant,Pat Bryant,WR,WR,DEN,DEN,10,matched,23,15,7,44,74.8,77.8,59.3,,86,,202,71,196,,178,157,,,186,214,225,178,246
Mason Taylor,TE,Mason Taylor,Mason Taylor,TE,TE,NYJ,NYJ,13,matched,21,13,11,45,88.9,91.9,66.9,,37,,203,25,210,,183,175,,,210,205,214,184,200
Keaton Mitchell,RB,Keaton Mitchell,Keaton Mitchell,RB,RB,BAL,LAC,7,matched,23,13,0,46,55.4,58.4,50.9,,64,,205,62,193,,189,184,,,184,198,240,183,
Chris Rodriguez,RB,Chris Rodriguez,Chris Rodriguez Jr.,RB,RB,WAS,JAX,7,matched,25,13,7,89,92,95,90.5,,45,,206,63,199,,185,171,,,213,164,,186,244
Blake Corum,RB,Blake Corum,Blake Corum,RB,RB,LAR,LAR,11,matched,25,17,0,114,122.2,125.2,118.2,,34,,207,64,209,,216,220,,,178,217,221,210,160
Isaac TeSlaa,WR,Isaac TeSlaa,Isaac TeSlaa,WR,WR,DET,DET,6,matched,23,17,3,60,75.9,78.9,67.9,,68,,209,72,235,,180,182,222,,226,207,234,163,
Mike Gesicki,TE,Mike Gesicki,Mike Gesicki,TE,TE,CIN,CIN,6,matched,30,13,2,43,70.7,73.7,56.7,,38,,210,26,202,,191,208,,,233,,197,194,167
Justice Hill,RB,Justice Hill,Justice Hill,RB,RB,BAL,BAL,13,matched,28,10,0,44,65.2,68.2,54.7,,66,,213,65,197,,197,207,,,191,182,226,221,
Elijah Arroyo,TE,Elijah Arroyo,Elijah Arroyo,TE,TE,SEA,SEA,11,matched,22,13,4,22,36.9,40.9,29.4,,62,,214,27,232,,198,202,,,244,235,186,213,161
Elic Ayomanor,WR,Elic Ayomanor,Elic Ayomanor,WR,WR,TEN,TEN,9,matched,22,16,14,76,116.5,119.5,96,,53,,215,73,195,,194,185,,,197,,216,180,249
Quentin Johnston,WR,Quentin Johnston,Quentin Johnston,WR,WR,LAC,LAC,7,matched,24,14,10,120,171.2,175.2,145.7,3,27,70,216,74,190,180,181,203,,67,187,,227,191,240
Darren Waller,TE,Darren Waller,Darren Waller,TE,TE,MIA,CAR,5,matched,33,9,3,65,88.7,91.7,76.7,,27,,218,28,234,159,201,234,201,,,234,210,217,202
Kyle Monangai,RB,Kyle Monangai,Kyle Monangai,RB,RB,CHI,CHI,10,matched,23,17,1,129,146.7,152.7,137.7,,29,,220,66,,,222,205,,,200,146,242,200,236
Tahj Brooks,RB,Tahj Brooks,Tahj Brooks,RB,RB,CIN,CIN,6,matched,23,16,0,5,6.4,6.4,5.9,,118,,222,67,215,,202,190,,,198,213,244,199,243
DJ Giddens,RB,DJ Giddens,DJ Giddens,RB,RB,IND,IND,13,matched,22,9,0,10,9.6,9.6,9.6,,101,,223,68,218,,209,193,,,192,212,,189,242
Jaxson Dart,QB,Jaxson Dart,Jaxson Dart,QB,QB,NYG,NYG,8,matched,22,14,12,242,241.6,254.6,246.6,,13,76,226,29,207,,188,192,204,,,,239,202,
Roschon Johnson,RB,Roschon Johnson,Roschon Johnson,RB,RB,CHI,CHI,10,matched,24,7,0,2,1.7,1.7,1.7,,130,,227,69,214,186,213,210,,,189,220,224,219,232
Tory Horton,WR,Tory Horton,Tory Horton,WR,WR,SEA,SEA,11,matched,23,8,3,52,65.1,68.1,58.6,,79,,229,75,236,,195,181,,,227,224,237,174,
Alec Pierce,WR,Alec Pierce,Alec Pierce,WR,WR,IND,IND,13,matched,25,15,14,136,183.3,186.3,159.8,18,16,47,232,76,213,,184,199,,,212,222,248,204,250
Shedeur Sanders,QB,Shedeur Sanders,Shedeur Sanders,QB,QB,CLE,CLE,11,matched,23,8,7,85,84.9,101.9,94.9,,37,,234,30,,,,241,194,,,,206,,125
Jalen McMillan,WR,Jalen McMillan,Jalen McMillan,WR,WR,TAM,TB,10,matched,24,4,2,18,29.9,32.9,23.9,,141,,236,77,185,,203,229,,,222,,200,234,
Jack Bech,WR,Jack Bech,Jack Bech,WR,WR,LVR,LV,13,matched,23,16,5,22,42.4,45.4,32.4,,127,,238,78,217,,207,242,,,228,201,193,235,
Troy Franklin,WR,Troy Franklin,Troy Franklin,WR,WR,DEN,DEN,10,matched,22,17,7,112,177.1,181.1,144.6,,33,,241,79,211,,206,194,,,237,242,,185,
Daniel Jones,QB,Daniel Jones,Daniel Jones,QB,QB,IND,IND,13,matched,28,13,13,226,226.4,243.4,234.4,,17,,242,31,212,,186,187,,51,242,,,201,
Amari Cooper,WR,,Amari Cooper,,WR,,FA,,adp_only,,,,,,,,,,,246,80,240,,200,204,,,,196,,192,
Darius Slayton,WR,Darius Slayton,Darius Slayton,WR,WR,NYG,NYG,8,matched,28,14,12,62,98.8,102.8,80.3,,66,,248,81,245,,211,183,,,239,216,,188,
Jalen Coker,WR,Jalen Coker,Jalen Coker,WR,WR,CAR,CAR,5,matched,24,11,3,57,90.4,94.4,73.9,,70,,250,82,226,,219,191,,,,244,,168,
Jaylin Noel,WR,Jaylin Noel,Jaylin Noel,WR,WR,HOU,HOU,8,matched,23,17,3,42,68.4,71.4,55.4,,89,,251,83,,,226,211,,,214,183,,208,
Dalton Schultz,TE,Dalton Schultz,Dalton Schultz,TE,TE,HOU,HOU,8,matched,29,17,6,96,177.7,180.7,136.7,,13,,252,29,208,,215,228,225,,,,228,223,
Dyami Brown,WR,Dyami Brown,Dyami Brown,WR,WR,JAX,WAS,7,matched,26,14,6,30,49.7,53.7,39.7,,117,,254,84,216,,221,195,,,238,,,197,
Tyler Lockett,WR,Tyler Lockett,Tyler Lockett,WR,WR,2TM,FA,,matched,33,17,2,41,73.1,76.1,57.1,,91,,255,85,220,,193,227,,,247,,222,227,
Brashard Smith,RB,Brashard Smith,Brashard Smith,RB,RB,KAN,KC,5,matched,22,17,1,38,63.3,69.3,50.8,,70,,256,70,,,230,225,,,205,199,,212,
Harold Fannin,TE,Harold Fannin,Harold Fannin Jr.,TE,TE,CLE,CLE,11,matched,21,16,13,114,186.4,190.4,150.4,11,6,58,258,30,229,,220,198,,,,,,190,
Andrei Iosivas,WR,Andrei Iosivas,Andrei Iosivas,WR,WR,CIN,CIN,6,matched,26,17,9,57,89.9,92.9,73.4,,71,,259,86,,,196,196,,,231,,,207,
Kendre Miller,RB,Kendre Miller,Kendre Miller,RB,RB,NOR,NO,8,matched,23,7,0,28,33.3,36.3,30.8,,73,,260,71,244,184,,219,,,219,194,,205,
Ja'Tavion Sanders,TE,Ja'Tavion Sanders,Ja'Tavion Sanders,TE,TE,CAR,CAR,5,matched,22,13,5,25,54,57,39.5,,58,,263,31,237,,199,201,,,,,,193,
Jarquez Hunter,RB,Jarquez Hunter,Jarquez Hunter,RB,RB,LAR,LAR,11,matched,23,5,0,,,,,,147,,264,72,222,,,235,,,218,191,,236,241
Theo Johnson,TE,Theo Johnson,Theo Johnson,TE,TE,NYG,NYG,8,matched,24,15,15,83,127.8,130.8,105.3,,19,,265,32,224,,218,209,,,248,,,203,245
Sean Tucker,RB,Sean Tucker,Sean Tucker,RB,RB,TAM,TB,10,matched,24,17,0,83,91.4,94.4,87.4,,46,,267,73,,,227,206,,,202,,,222,238
Dameon Pierce,RB,Dameon Pierce,Dameon Pierce,RB,RB,2TM,PHI,10,matched,25,5,0,4,3.6,3.6,3.6,,123,,268,74,242,,244,212,,,,200,,211,
Anthony Richardson,QB,Anthony Richardson,Anthony Richardson Sr.,QB,QB,IND,IND,13,matched,23,2,0,1,2.2,2.2,1.7,,70,,269,32,225,,212,226,,,,,243,231,
Michael Wilson,WR,Michael Wilson,Michael Wilson,WR,WR,ARI,ARI,14,matched,25,17,13,143,220.6,223.6,181.6,24,13,40,270,87,250,,204,222,,,229,,,195,
Russell Wilson,QB,Russell Wilson,Russell Wilson,QB,QB,NYG,FA,,matched,37,6,3,50,49.8,58.8,52.8,,44,,272,33,223,,208,215,243,,,,,232,
Malik Washington,WR,Malik Washington,Malik Washington,WR,WR,MIA,MIA,6,matched,24,17,6,71,116.7,123.7,93.7,,57,,273,88,,,250,197,,,,,,196,
Roman Wilson,WR,Roman Wilson,Roman Wilson,WR,WR,PIT,PIT,9,matched,24,13,4,27,38.6,42.6,32.6,,122,,274,89,,,,179,,,241,,,220,
Joe Flacco,QB,Joe Flacco,Joe Flacco,QB,QB,2TM,CIN,6,matched,40,13,10,147,146.7,162.7,156.7,,27,,275,34,,,217,217,247,,,,,224,
Juwan Johnson,TE,Juwan Johnson,Juwan Johnson,TE,TE,NOR,NO,8,matched,29,17,10,103,179.9,184.9,141.4,,12,,276,33,241,,229,216,,,,,,216,
Ray-Ray McCloud,WR,Ray-Ray McCloud,Ray-Ray McCloud III,WR,WR,2TM,CHI,10,matched,29,6,2,7,13.9,13.9,10.4,,171,,277,90,248,,214,214,,,,,,229,
Adonai Mitchell,WR,Adonai Mitchell,Adonai Mitchell,WR,WR,2TM,NYJ,13,matched,23,16,5,55,87.9,91.9,71.4,,75,,279,91,,,237,224,,,246,,249,215,248
Cole Kmet,TE,Cole Kmet,Cole Kmet,TE,TE,CHI,CHI,10,matched,26,16,15,49,78.7,81.7,63.7,,33,,283,34,227,,,247,224,,,,,249,
Carson Wentz,QB,Carson Wentz,Carson Wentz,QB,QB,MIN,MIN,6,matched,33,5,5,70,70.3,78.3,75.3,,39,,285,35,,,,,,,,,,,
Jaleel McLaughlin,RB,Jaleel McLaughlin,Jaleel McLaughlin,RB,RB,DEN,DEN,10,matched,25,8,1,27,31.4,34.4,29.4,,74,,286,75,,,,,,,,,,,
Miles Sanders,RB,Miles Sanders,Miles Sanders,RB,RB,DAL,FA,,matched,28,4,0,19,26.7,30.7,22.7,,85,,287,76,,,,,,,235,210,247,245,247
KeAndre Lambert-Smith,WR,KeAndre Lambert-Smith,Keandre Lambert-Smith,WR,WR,LAC,LAC,7,matched,24,10,2,11,16.1,16.1,13.6,,157,,288,92,,,232,237,,,,,,225,
Jaylin Lane,WR,Jaylin Lane,Jaylin Lane,WR,WR,WAS,WAS,7,matched,23,15,4,33,49.2,53.2,41.2,,106,,289,93,,,,236,,,,,,214,
Elijah Mitchell,RB,Elijah Mitchell,Elijah Mitchell,RB,RB,KAN,FA,,matched,27,1,0,,,,,,152,,290,77,,,,246,,,,209,,,
Olamide Zaccheaus,WR,Olamide Zaccheaus,Olamide Zaccheaus,WR,WR,CHI,ATL,11,matched,28,16,5,46,84.8,87.8,65.3,,84,,291,94,,,240,221,,,,,,244,
Calvin Austin III,WR,Calvin Austin III,Calvin Austin III,WR,WR,PIT,NYG,8,matched,26,14,7,55,86.2,89.2,70.7,,73,,294,95,,221,224,249,,,,,,238,
Efton Chism,WR,Efton Chism,Efton Chism III,WR,WR,NWE,NE,11,matched,24,8,1,14,16.5,16.5,15,,151,,295,96,,,235,,231,,,,,,
Tyler Higbee,TE,Tyler Higbee,Tyler Higbee,TE,TE,LAR,LAR,11,matched,32,10,8,46,71.1,74.1,58.6,,36,,296,35,,,231,239,,,,,,242,
Raheem Mostert,RB,Raheem Mostert,Raheem Mostert,RB,RB,LVR,FA,,matched,33,12,0,17,29.4,32.4,23.4,,87,,297,78,,201,233,240,,,,,246,,
Jalen Royals,WR,Jalen Royals,Jalen Royals,WR,WR,KAN,KC,5,matched,22,7,2,,2.4,2.4,1.4,,215,,298,97,,,,230,,,249,,250,239,
Tyler Shough,QB,Tyler Shough,Tyler Shough,QB,QB,NOR,NO,8,matched,26,11,9,158,158,172,164,,26,,299,36,,,228,232,,,,,,,
Noah Gray,TE,Noah Gray,Noah Gray,TE,TE,KAN,KC,5,matched,26,16,6,18,38.8,41.8,28.3,,65,,301,36,247,,,,242,,,,,246,
Dawson Knox,TE,Dawson Knox,Dawson Knox,TE,TE,BUF,BUF,7,matched,29,17,12,68,103.7,106.7,85.7,,25,,302,37,,,,,229,,,,,,
Jalen Nailor,WR,Jalen Nailor,Jalen Nailor,WR,WR,MIN,LV,13,matched,26,17,8,72,100.7,103.7,86.2,,55,,303,98,,,223,248,,,,,,,
Terique Owens,WR,,Terique Owens,,WR,,FA,,adp_only,,,,,,,,,,,304,99,,,225,,,,,,,,
Tre Tucker,WR,Tre Tucker,Tre Tucker,WR,WR,LVR,LV,13,matched,24,17,17,105,161.7,164.7,133.2,,35,,305,100,,,,238,,,,,,233,
Kayshon Boutte,WR,Kayshon Boutte,Kayshon Boutte,WR,WR,NWE,HOU,8,matched,23,14,10,91,124.1,127.1,107.6,,44,,307,101,,,,243,,,,,,241,
Jermar Jefferson,RB,Jermar Jefferson,Jermar Jefferson,RB,RB,ARI,MIN,6,matched,25,2,0,,,,,,149,,311,79,,,,,226,,,,,,
Zack Moss,RB,,Zack Moss,,RB,,FA,,adp_only,,,,,,,,,,,313,80,,,,,,,,,,,
Devin Neal,RB,Devin Neal,Devin Neal,RB,RB,NOR,NO,8,matched,22,10,3,43,60,66,51.5,,68,,314,81,233,,,,,,,,,,
Spencer Rattler,QB,Spencer Rattler,Spencer Rattler,QB,QB,NOR,NO,8,matched,25,9,8,98,99.1,112.1,103.6,,36,,315,37,,,,233,,,,,,248,
Josh Reynolds,WR,Josh Reynolds,Josh Reynolds,WR,WR,NYJ,FA,,matched,30,5,3,12,23.1,26.1,17.6,,155,,316,102,,,,,,,,,,230,
Carson Steele,RB,,Carson Steele,,RB,,PHI,10,adp_only,,,,,,,,,,,317,82,,,234,,,,,,,,
KaVontae Turpin,WR,KaVontae Turpin,KaVontae Turpin,WR,WR,DAL,DAL,14,matched,29,15,2,59,84.5,88.5,71.5,,69,,318,103,,,,,,,,,,240,
Dontayvion Wicks,WR,Dontayvion Wicks,Dontayvion Wicks,WR,WR,GNB,PHI,10,matched,24,14,7,46,75.8,78.8,60.8,,83,,319,104,,,,,,,,,,228,
Tutu Atwell,WR,Tutu Atwell,Tutu Atwell,WR,WR,LAR,MIA,6,matched,26,10,4,25,31.2,34.2,28.2,,124,,322,105,,,,,,,,,,243,
Julius Chestnut,RB,Julius Chestnut,Julius Chestnut,RB,RB,TEN,TEN,9,matched,25,17,0,4,4,4,4,,122,,324,83,,,243,,,,,,,,
Beaux Collins,WR,Beaux Collins,Beaux Collins,WR,WR,NYG,ATL,11,matched,23,9,0,3,4.5,4.5,3.5,,197,,325,106,,,236,,,,,,,,
Kirk Cousins,QB,Kirk Cousins,Kirk Cousins,QB,QB,ATL,LV,13,matched,37,10,8,104,103.5,112.5,108.5,,35,,326,38,,,,,236,,,,,,
Jahan Dotson,WR,Jahan Dotson,Jahan Dotson,WR,WR,PHI,ATL,11,matched,25,17,10,32,50.2,53.2,41.2,,109,,327,107,,,,,239,,,,,,
Clyde Edwards-Helaire,RB,Clyde Edwards-Helaire,Clyde Edwards-Helaire,RB,RB,KAN,FA,,matched,26,2,0,2,4.2,4.2,3.2,,127,,328,84,,,245,,,,,,,,
Michael Gallup,WR,,Michael Gallup,,WR,,FA,,adp_only,,,,,,,,,,,331,108,,,239,,,,,,,,
Taysom Hill,TE,Taysom Hill,Taysom Hill,TE,TE,NOR,FA,,matched,35,13,5,31,41.8,45.8,36.3,,51,,332,38,,145,,,241,,,,,,
Jimmy Horn,WR,Jimmy Horn,Jimmy Horn Jr.,WR,WR,CAR,CAR,5,matched,23,13,0,18,28.7,31.7,23.2,,142,,333,109,,,242,,,,,,,,
Ty Johnson,RB,Ty Johnson,Ty Johnson,RB,RB,BUF,BUF,7,matched,28,17,0,76,100.3,106.3,88.3,,49,,334,85,,,,245,,,,,,,
MarShawn Lloyd,RB,,MarShawn Lloyd,,RB,,GB,11,adp_only,,,,,,,,,,,335,86,,215,,,,,,,,,239
Jalen Milroe,QB,Jalen Milroe,Jalen Milroe,QB,QB,SEA,SEA,11,matched,23,3,0,-2,-1.6,-0.6,-1.6,,81,,336,39,,,,244,249,,,,,,
Hunter Renfrow,WR,Hunter Renfrow,Hunter Renfrow,WR,WR,CAR,FA,,matched,30,6,2,21,35.9,35.9,28.4,,129,,337,110,,,249,,246,,,,,,
Devin Singletary,RB,Devin Singletary,Devin Singletary,RB,RB,NYG,NYG,8,matched,28,17,1,91,108.8,114.8,99.8,,43,,338,87,,,238,,,,,,,,
JuJu Smith-Schuster,WR,JuJu Smith-Schuster,JuJu Smith-Schuster,WR,WR,KAN,FA,,matched,29,17,12,41,73.5,76.5,57,,94,,339,111,,,241,,,,,,,,
Jalen Tolbert,WR,Jalen Tolbert,Jalen Tolbert,WR,WR,DAL,MIA,6,matched,26,13,8,28,46.3,49.3,37.3,,119,,340,112,239,,,,,,,,,,
Zamir White,RB,Zamir White,Zamir White,RB,RB,LVR,NO,8,matched,26,6,0,6,9.6,9.6,7.6,,117,,341,88,,,,,240,,,,,,
Isaiah Bond,WR,Isaiah Bond,Isaiah Bond,WR,WR,CLE,CLE,11,matched,21,16,2,37,54.7,57.7,45.7,,101,,342,113,,,,,250,,,,,,
Terrance Ferguson,TE,Terrance Ferguson,Terrance Ferguson,TE,TE,LAR,LAR,11,matched,22,14,3,41,52.1,55.1,46.6,,40,,343,39,,,,,,,,,,247,
Lucky Jackson,WR,,Lucky Jackson,,WR,,DET,6,adp_only,,,,,,,,,,,344,114,,,248,,,,,,,,
Kyle Juszczyk,RB,Kyle Juszczyk,Kyle Juszczyk,FB,RB,SFO,SF,8,matched,34,17,17,33,57,60,45,,72,,345,89,,,,,,,,,,,
Luke McCaffrey,WR,Luke McCaffrey,Luke McCaffrey,WR,WR,WAS,WAS,7,matched,24,9,0,40,51.3,54.3,45.8,,95,,346,115,,,246,,,,,,,,
Samaje Perine,RB,Samaje Perine,Samaje Perine,RB,RB,CIN,CIN,6,matched,30,15,2,61,77.9,82.9,69.4,,56,,347,90,249,158,,,,,,,,,
LaJohntay Wester,WR,LaJohntay Wester,LaJohntay Wester,WR,WR,BAL,BAL,13,matched,23,17,0,-2,-2,-1,-2,,252,,348,116,,,247,,,,,,,,
Jordan Whittington,WR,Jordan Whittington,Jordan Whittington,WR,WR,LAR,LAR,11,matched,25,17,6,18,36.3,39.3,27.3,,139,,349,117,,,,,,,,,,250,
Emanuel Wilson,RB,Emanuel Wilson,Emanuel Wilson,RB,RB,GNB,SEA,11,matched,26,17,2,80,94.5,97.5,87,,47,,350,91,,,,250,,,,,,,
AJ Barner,TE,AJ Barner,,TE,,SEA,,,stats_only,23,17,17,95,147.3,150.3,121.3,,14,,,,,,,,,,,,,,
AJ Dillon,RB,AJ Dillon,,RB,,PHI,,,stats_only,27,7,0,6,9.1,10.1,7.6,,112,,,,,,,,,,,,,,
Adam Prentice,RB,Adam Prentice,,FB,,DEN,,,stats_only,28,17,3,10,15.7,15.7,12.7,,100,,,,,,,,,,,,,,
Adam Trautman,TE,Adam Trautman,,TE,,DEN,,,stats_only,28,17,12,26,45.5,48.5,35.5,,56,,,,,,,,,,,,,,
Adrian Martinez,QB,Adrian Martinez,,QB,,SFO,,,stats_only,25,1,0,,-0.1,-0.1,-0.1,,76,,,,,,,,,,,,,,
Aidan O'Connell,QB,Aidan O'Connell,,QB,,LVR,,,stats_only,27,1,0,5,4.8,4.8,4.8,,61,,,,,,,,,,,,,,
Albert Okwuegbunam,TE,Albert Okwuegbunam,,TE,,LVR,,,stats_only,27,1,0,4,8.6,8.6,6.1,,96,,,,,,,,,,,,,,
Alec Ingold,RB,Alec Ingold,,FB,,MIA,,,stats_only,29,17,10,6,14.1,14.1,10.1,,113,,,,,,,,,,,,,,
Alex Bachman,WR,Alex Bachman,,WR,,LVR,,,stats_only,29,13,0,1,3.2,3.2,2.2,,210,,,,,,,,,,,,,,
Allen Lazard,WR,Allen Lazard,,WR,,NYJ,,,stats_only,30,10,2,13,23,23,18,,153,,,,,,,,,,,,,,
Amar Johnson,RB,Amar Johnson,,RB,,LAC,,,stats_only,22,2,0,1,0.8,0.8,0.8,,134,,,,,,,,,,,,,,
Ameer Abdullah,RB,Ameer Abdullah,,RB,,IND,,,stats_only,32,13,0,20,35.9,36.9,27.9,,82,,,,,,,,,,,,,,
Andre Baccellia,WR,Andre Baccellia,,WR,,ARI,,,stats_only,28,5,2,1,2.8,2.8,1.8,,212,,,,,,,,,,,,,,
Andrew Beck,RB,Andrew Beck,,FB,,NYJ,,,stats_only,29,17,2,17,23,23,20,,89,,,,,,,,,,,,,,
Andrew Ogletree,TE,Andrew Ogletree,,TE,,IND,,,stats_only,27,15,5,9,12.7,12.7,10.7,,85,,,,,,,,,,,,,,
Andy Dalton,QB,Andy Dalton,,QB,,CAR,,,stats_only,38,4,1,10,9.5,12.5,10.5,,59,,,,,,,,,,,,,,
Anthony Firkser,TE,Anthony Firkser,,TE,,DET,,,stats_only,30,7,4,5,13.3,13.3,9.3,,90,,,,,,,,,,,,,,
Anthony Gould,WR,Anthony Gould,,WR,,IND,,,stats_only,24,11,1,1,2.6,2.6,1.6,,214,,,,,,,,,,,,,,
Antonio Gibson,RB,Antonio Gibson,,RB,,NWE,,,stats_only,27,5,0,21,23.2,27.2,22.2,,81,,,,,,,,,,,,,,
Arian Smith,WR,Arian Smith,,WR,,NYJ,,,stats_only,24,16,5,7,13.5,13.5,10,,174,,,,,,,,,,,,,,
Ashton Dulin,WR,Ashton Dulin,,WR,,IND,,,stats_only,28,12,2,15,20,23,17.5,,147,,,,,,,,,,,,,,
Audric Estime,RB,Audric Estime,,RB,,NOR,,,stats_only,22,7,1,36,48.1,54.1,42.1,,71,,,,,,,,,,,,,,
Austin Hooper,TE,Austin Hooper,,TE,,NWE,,,stats_only,31,16,6,38,59.3,62.3,48.8,,46,,,,,,,,,,,,,,
Austin Trammell,WR,Austin Trammell,,WR,,JAX,,,stats_only,27,6,0,5,7.6,7.6,6.1,,181,,,,,,,,,,,,,,
Avery Williams,WR,Avery Williams,,WR,,NYJ,,,stats_only,27,1,0,,,,,,247,,,,,,,,,,,,,,
Ben Sims,TE,Ben Sims,,TE,,2TM,,,stats_only,25,11,2,3,6,6,4.5,,98,,,,,,,,,,,,,,
Ben Sinnott,TE,Ben Sinnott,,TE,,WAS,,,stats_only,23,16,3,17,28.4,31.4,22.9,,67,,,,,,,,,,,,,,
Ben Skowronek,WR,Ben Skowronek,,WR,,PIT,,,stats_only,28,17,3,13,16.9,16.9,14.9,,154,,,,,,,,,,,,,,
Ben Yurosek,TE,Ben Yurosek,,TE,,MIN,,,stats_only,23,12,1,1,3.4,3.4,2.4,,109,,,,,,,,,,,,,,
Blake Whiteheart,TE,Blake Whiteheart,,TE,,CLE,,,stats_only,25,17,4,,2.4,2.4,1.4,,118,,,,,,,,,,,,,,
Brady Cook,QB,Brady Cook,,QB,,NYJ,,,stats_only,24,5,4,28,28.5,39.5,35.5,,52,,,,,,,,,,,,,,
Brady Russell,RB,Brady Russell,,FB,,SEA,,,stats_only,27,17,1,,,,,,155,,,,,,,,,,,,,,
Brandin Cooks,WR,Brandin Cooks,,WR,,2TM,,,stats_only,32,15,5,28,51.9,54.9,39.9,,120,,,,,,,,,,,,,,
Brandon Allen,QB,Brandon Allen,,QB,,TEN,,,stats_only,33,1,0,1,0.9,1.9,1.9,,71,,,,,,,,,,,,,,
Brandon Smith,WR,Brandon Smith,,WR,,NYJ,,,stats_only,27,2,0,,,,,,242,,,,,,,,,,,,,,
Braxton Berrios,WR,Braxton Berrios,,WR,,HOU,,,stats_only,30,4,0,4,9.7,9.7,6.7,,186,,,,,,,,,,,,,,
Brayden Willis,TE,Brayden Willis,,TE,,SFO,,,stats_only,26,6,0,,,,,,145,,,,,,,,,,,,,,
Brenden Bates,TE,Brenden Bates,,TE,,2TM,,,stats_only,26,9,3,5,8.8,8.8,6.8,,93,,,,,,,,,,,,,,
Brennan Presley,WR,Brennan Presley,,WR,,LAR,,,stats_only,23,1,0,,,,,,238,,,,,,,,,,,,,,
Brett Rypien,QB,Brett Rypien,,QB,,CIN,,,stats_only,29,1,0,,,,,,73,,,,,,,,,,,,,,
Brevyn Spann-Ford,TE,Brevyn Spann-Ford,,TE,,DAL,,,stats_only,26,17,5,15,24,24,19.5,,71,,,,,,,,,,,,,,
Britain Covey,WR,Britain Covey,,WR,,PHI,,,stats_only,28,6,0,2,4,4,3,,204,,,,,,,,,,,,,,
British Brooks,RB,British Brooks,,RB,,HOU,,,stats_only,26,15,2,8,7.8,7.8,7.8,,108,,,,,,,,,,,,,,
Brittain Brown,RB,Brittain Brown,,RB,,CHI,,,stats_only,28,3,0,10,9.7,9.7,9.7,,99,,,,,,,,,,,,,,
Brock Wright,TE,Brock Wright,,TE,,DET,,,stats_only,27,11,8,23,36.8,39.8,29.8,,61,,,,,,,,,,,,,,
Bryce Oliver,WR,Bryce Oliver,,WR,,TEN,,,stats_only,25,3,0,1,1.8,1.8,1.3,,213,,,,,,,,,,,,,,
Brycen Tremayne,WR,Brycen Tremayne,,WR,,CAR,,,stats_only,26,16,1,16,30,33,23,,144,,,,,,,,,,,,,,
C.J. Ham,RB,C.J. Ham,,FB,,MIN,,,stats_only,32,11,1,14,15.6,15.6,14.6,,95,,,,,,,,,,,,,,
CJ Dippre,TE,CJ Dippre,,TE,,NWE,,,stats_only,23,2,0,,,,,,127,,,,,,,,,,,,,,
Cade Stover,TE,Cade Stover,,TE,,HOU,,,stats_only,25,9,7,8,19.9,19.9,13.9,,87,,,,,,,,,,,,,,
Cam Akers,RB,Cam Akers,,RB,,2TM,,,stats_only,26,6,0,7,7.2,7.2,7.2,,111,,,,,,,,,,,,,,
Cam Grandy,TE,Cam Grandy,,TE,,CIN,,,stats_only,25,5,1,1,2.7,2.7,1.7,,115,,,,,,,,,,,,,,
Cameron Latu,TE,Cameron Latu,,TE,,PHI,,,stats_only,25,15,2,,,,,,135,,,,,,,,,,,,,,
Carlos Washington,RB,Carlos Washington,,RB,,ATL,,,stats_only,27,1,0,,,,,,158,,,,,,,,,,,,,,
Carter Runyon,TE,Carter Runyon,,TE,,LVR,,,stats_only,24,13,0,,1.3,1.3,0.8,,121,,,,,,,,,,,,,,
Casey Washington,WR,Casey Washington,,WR,,ATL,,,stats_only,24,7,2,9,15.4,15.4,12.4,,164,,,,,,,,,,,,,,
Cedrick Wilson Jr.,WR,Cedrick Wilson Jr.,,WR,,MIA,,,stats_only,30,10,5,4,9.4,9.4,6.9,,182,,,,,,,,,,,,,,
Charlie Jones,WR,Charlie Jones,,WR,,CIN,,,stats_only,27,14,0,6,6,6,6,,176,,,,,,,,,,,,,,
Charlie Kolar,TE,Charlie Kolar,,TE,,BAL,,,stats_only,26,17,7,26,36.2,39.2,31.2,,55,,,,,,,,,,,,,,
Charlie Woerner,TE,Charlie Woerner,,TE,,ATL,,,stats_only,28,17,13,5,12.8,12.8,8.8,,94,,,,,,,,,,,,,,
Chase Edmonds,RB,Chase Edmonds,,RB,,WAS,,,stats_only,29,3,0,,,,,,144,,,,,,,,,,,,,,
Chimere Dike,WR,Chimere Dike,,WR,,TEN,,,stats_only,24,17,10,78,126.1,130.1,102.1,,51,,,,,,,,,,,,,,
Chris Blair,WR,Chris Blair,,WR,,ATL,,,stats_only,28,3,0,,,,,,219,,,,,,,,,,,,,,
Chris Brooks,RB,Chris Brooks,,RB,,GNB,,,stats_only,25,17,0,20,32.7,35.7,26.2,,83,,,,,,,,,,,,,,
Chris Manhertz,TE,Chris Manhertz,,TE,,NYG,,,stats_only,33,17,3,1,1.7,1.7,1.2,,116,,,,,,,,,,,,,,
Chris Moore,WR,Chris Moore,,WR,,WAS,,,stats_only,32,14,5,28,38.6,41.6,33.1,,121,,,,,,,,,,,,,,
Chris Oladokun,QB,Chris Oladokun,,QB,,KAN,,,stats_only,28,3,2,11,11.2,13.2,11.2,,57,,,,,,,,,,,,,,
Christian Watson,WR,Christian Watson,,WR,,GNB,,,stats_only,26,10,10,97,132.4,135.4,114.9,,40,,,,,,,,,,,,,,
Clayton Tune,QB,Clayton Tune,,QB,,GNB,,,stats_only,26,2,1,2,2,3,3,,67,,,,,,,,,,,,,,
Cody Schrader,RB,Cody Schrader,,RB,,LAR,,,stats_only,26,1,0,,,,,,156,,,,,,,,,,,,,,
Cody White,WR,Cody White,,WR,,SEA,,,stats_only,27,10,0,15,18,18,16.5,,148,,,,,,,,,,,,,,
Colby Parkinson,TE,Colby Parkinson,,TE,,LAR,,,stats_only,26,15,10,87,129.8,133.8,108.3,,16,,,,,,,,,,,,,,
Cole Turner,TE,Cole Turner,,TE,,TEN,,,stats_only,25,1,0,,,,,,141,,,,,,,,,,,,,,
Coleman Owen,WR,Coleman Owen,,WR,,IND,,,stats_only,24,2,0,,,,,,236,,,,,,,,,,,,,,
Colson Yankoff,TE,Colson Yankoff,,TE,,WAS,,,stats_only,25,14,0,2,3.8,3.8,2.8,,105,,,,,,,,,,,,,,
Connor Heyward,TE,Connor Heyward,,TE,,PIT,,,stats_only,26,17,2,24,27.4,27.4,25.9,,59,,,,,,,,,,,,,,
Cooper Rush,QB,Cooper Rush,,QB,,BAL,,,stats_only,32,4,2,2,1.7,9.7,5.7,,68,,,,,,,,,,,,,,
Corey Kiner,RB,Corey Kiner,,RB,,ARI,,,stats_only,23,4,0,7,9.3,9.3,8.3,,110,,,,,,,,,,,,,,
Craig Reynolds,RB,Craig Reynolds,,RB,,DET,,,stats_only,29,7,0,,0.4,0.4,0.4,,139,,,,,,,,,,,,,,
Curtis Samuel,WR,Curtis Samuel,,WR,,BUF,,,stats_only,29,6,0,14,21.1,21.1,17.6,,149,,,,,,,,,,,,,,
D'Ernest Johnson,RB,D'Ernest Johnson,,RB,,2TM,,,stats_only,29,8,0,3,2.5,2.5,2.5,,126,,,,,,,,,,,,,,
D'Wayne Eskridge,WR,D'Wayne Eskridge,,WR,,MIA,,,stats_only,28,13,0,4,8.2,9.2,6.2,,184,,,,,,,,,,,,,,
DJ Turner,WR,DJ Turner,,WR,,LVR,,,stats_only,28,1,0,,,,,,244,,,,,,,,,,,,,,
Dalen Cambre,WR,Dalen Cambre,,WR,,NYG,,,stats_only,24,7,0,,,,,,222,,,,,,,,,,,,,,
Dalevon Campbell,WR,Dalevon Campbell,,WR,,CAR,,,stats_only,24,2,0,,,,,,223,,,,,,,,,,,,,,
Dan Chisena,WR,Dan Chisena,,WR,,CAR,,,stats_only,28,1,0,,,,,,226,,,,,,,,,,,,,,
Daniel Bellinger,TE,Daniel Bellinger,,TE,,NYG,,,stats_only,25,16,10,41,59.6,62.6,50.1,,42,,,,,,,,,,,,,,
Dante Pettis,WR,Dante Pettis,,WR,,NOR,,,stats_only,30,8,0,11,19.7,23.7,15.2,,158,,,,,,,,,,,,,,
Dare Ogunbowale,RB,Dare Ogunbowale,,RB,,HOU,,,stats_only,31,17,0,14,24.1,25.1,19.1,,94,,,,,,,,,,,,,,
Dareke Young,WR,Dareke Young,,WR,,SEA,,,stats_only,26,9,0,5,6.8,6.8,5.8,,180,,,,,,,,,,,,,,
Darius Cooper,WR,Darius Cooper,,WR,,PHI,,,stats_only,24,13,0,9,18.2,18.2,13.7,,165,,,,,,,,,,,,,,
Darnell Washington,TE,Darnell Washington,,TE,,PIT,,,stats_only,24,16,13,42,73.4,77.4,57.9,,39,,,,,,,,,,,,,,
David Martin-Robinson,TE,David Martin-Robinson,,TE,,TEN,,,stats_only,26,17,4,9,13,13,11,,84,,,,,,,,,,,,,,
David Moore,WR,David Moore,,WR,,CAR,,,stats_only,30,4,2,2,2.7,2.7,2.2,,206,,,,,,,,,,,,,,
David Sills V,WR,David Sills V,,WR,,ATL,,,stats_only,29,17,4,31,49.1,52.1,40.1,,111,,,,,,,,,,,,,,
Davis Allen,TE,Davis Allen,,TE,,LAR,,,stats_only,24,17,5,39,62.8,65.8,50.8,,44,,,,,,,,,,,,,,
Davis Mills,QB,Davis Mills,,QB,,HOU,,,stats_only,27,6,3,69,68.6,72.6,69.6,,41,,,,,,,,,,,,,,
DeAndre Carter,WR,DeAndre Carter,,WR,,CLE,,,stats_only,32,4,0,,,,,,225,,,,,,,,,,,,,,
DeeJay Dallas,RB,DeeJay Dallas,,RB,,2TM,,,stats_only,27,6,0,2,2.1,2.1,2.1,,128,,,,,,,,,,,,,,
Demarcus Robinson,WR,Demarcus Robinson,,WR,,SFO,,,stats_only,31,14,2,36,58.2,61.2,47.2,,104,,,,,,,,,,,,,,
Derius Davis,WR,Derius Davis,,WR,,LAC,,,stats_only,25,11,0,-1,1.5,2.5,0.5,,248,,,,,,,,,,,,,,
Devaughn Vele,WR,Devaughn Vele,,WR,,NOR,,,stats_only,28,13,7,41,66.3,69.3,53.8,,90,,,,,,,,,,,,,,
Deven Thompkins,WR,Deven Thompkins,,WR,,ATL,,,stats_only,26,7,0,3,6.2,6.2,4.7,,191,,,,,,,,,,,,,,
Devin Culp,TE,Devin Culp,,TE,,TAM,,,stats_only,25,13,0,7,7.6,7.6,7.1,,88,,,,,,,,,,,,,,
Devin Duvernay,WR,Devin Duvernay,,WR,,CHI,,,stats_only,28,17,0,3,4.6,4.6,3.6,,195,,,,,,,,,,,,,,
Devontez Walker,WR,Devontez Walker,,WR,,BAL,,,stats_only,24,12,3,32,37.6,40.6,34.6,,110,,,,,,,,,,,,,,
Dillon Gabriel,QB,Dillon Gabriel,,QB,,CLE,,,stats_only,25,10,6,70,70.1,75.1,72.1,,40,,,,,,,,,,,,,,
Dominic Lovett,WR,Dominic Lovett,,WR,,DET,,,stats_only,23,12,0,,,,,,233,,,,,,,,,,,,,,
Drake Dabney,TE,Drake Dabney,,TE,,GNB,,,stats_only,23,2,1,,1.3,1.3,0.8,,120,,,,,,,,,,,,,,
Drew Lock,QB,Drew Lock,,QB,,SEA,,,stats_only,29,5,0,,0.1,0.1,0.1,,72,,,,,,,,,,,,,,
Drew Sample,TE,Drew Sample,,TE,,CIN,,,stats_only,29,17,12,17,31.9,34.9,24.4,,68,,,,,,,,,,,,,,
Durham Smythe,TE,Durham Smythe,,TE,,CHI,,,stats_only,30,17,2,3,6.5,6.5,4.5,,100,,,,,,,,,,,,,,
Dylan Drummond,WR,Dylan Drummond,,WR,,ATL,,,stats_only,25,9,0,4,11.2,11.2,7.7,,183,,,,,,,,,,,,,,
Dylan Laube,RB,Dylan Laube,,RB,,LVR,,,stats_only,26,17,0,1,3.7,4.7,2.2,,135,,,,,,,,,,,,,,
E.J. Jenkins,TE,E.J. Jenkins,,TE,,PHI,,,stats_only,27,2,0,,,,,,131,,,,,,,,,,,,,,
Elijah Higgins,TE,Elijah Higgins,,TE,,ARI,,,stats_only,25,17,10,28,58.1,62.1,43.1,,54,,,,,,,,,,,,,,
Elijah Moore,WR,Elijah Moore,,WR,,BUF,,,stats_only,25,9,2,20,28.6,31.6,24.1,,135,,,,,,,,,,,,,,
Emari Demercado,RB,Emari Demercado,,RB,,ARI,,,stats_only,26,13,0,45,58.3,65.3,51.8,,65,,,,,,,,,,,,,,
Eric Gray,RB,Eric Gray,,RB,,NYG,,,stats_only,26,4,0,,,,,,145,,,,,,,,,,,,,,
Eric Saubert,TE,Eric Saubert,,TE,,SEA,,,stats_only,31,11,5,5,9.1,9.1,7.1,,92,,,,,,,,,,,,,,
Evan Hull,RB,Evan Hull,,RB,,NOR,,,stats_only,25,6,0,5,6.4,6.4,5.9,,119,,,,,,,,,,,,,,
Feleipe Franks,TE,Feleipe Franks,,TE,,ATL,,,stats_only,28,17,0,,0.4,0.4,0.4,,117,,,,,,,,,,,,,,
Foster Moreau,TE,Foster Moreau,,TE,,NOR,,,stats_only,28,11,9,6,12.9,12.9,9.4,,89,,,,,,,,,,,,,,
Gabe Davis,WR,Gabe Davis,,WR,,BUF,,,stats_only,26,6,5,19,30.9,33.9,24.9,,137,,,,,,,,,,,,,,
Gage Larvadain,WR,Gage Larvadain,,WR,,CLE,,,stats_only,23,13,0,5,12.4,13.4,8.9,,177,,,,,,,,,,,,,,
Gardner Minshew II,QB,Gardner Minshew II,,QB,,KAN,,,stats_only,29,4,1,,-0.3,0.7,0.7,,79,,,,,,,,,,,,,,
Gary Brightwell,RB,Gary Brightwell,,RB,,CIN,,,stats_only,26,2,0,,,,,,143,,,,,,,,,,,,,,
George Holani,RB,George Holani,,RB,,SEA,,,stats_only,26,11,0,13,14.8,15.8,13.8,,97,,,,,,,,,,,,,,
Giovanni Ricci,TE,Giovanni Ricci,,TE,,DET,,,stats_only,29,3,1,,,,,,139,,,,,,,,,,,,,,
Grant Calcaterra,TE,Grant Calcaterra,,TE,,PHI,,,stats_only,27,15,6,14,22.6,22.6,18.1,,72,,,,,,,,,,,,,,
Greg Dortch,WR,Greg Dortch,,WR,,ARI,,,stats_only,27,12,3,46,75.1,78.1,60.6,,82,,,,,,,,,,,,,,
Greg Dulcich,TE,Greg Dulcich,,TE,,MIA,,,stats_only,25,10,3,37,62.8,66.8,49.8,,48,,,,,,,,,,,,,,
Gunnar Helm,TE,Gunnar Helm,,TE,,TEN,,,stats_only,23,16,10,48,91.7,94.7,69.7,,34,,,,,,,,,,,,,,
Gunner Olszewski,WR,Gunner Olszewski,,WR,,NYG,,,stats_only,29,16,1,24,33.8,37.8,28.8,,125,,,,,,,,,,,,,,
Harrison Bryant,TE,Harrison Bryant,,TE,,HOU,,,stats_only,27,12,4,1,2.7,2.7,1.7,,113,,,,,,,,,,,,,,
Hassan Haskins,RB,Hassan Haskins,,RB,,LAC,,,stats_only,26,12,0,6,10,10,8,,114,,,,,,,,,,,,,,
Hayden Rucci,TE,Hayden Rucci,,TE,,MIA,,,stats_only,24,4,0,,,,,,140,,,,,,,,,,,,,,
Hunter Long,TE,Hunter Long,,TE,,JAX,,,stats_only,27,9,3,21,32.5,32.5,26.5,,63,,,,,,,,,,,,,,
Hunter Luepke,RB,Hunter Luepke,,RB,,DAL,,,stats_only,25,17,5,24,37,40,30.5,,77,,,,,,,,,,,,,,
Ian Thomas,TE,Ian Thomas,,TE,,LVR,,,stats_only,29,15,10,11,24.4,27.4,17.9,,76,,,,,,,,,,,,,,
Isaiah Davis,RB,Isaiah Davis,,RB,,NYJ,,,stats_only,23,16,0,50,71.2,77.2,60.7,,61,,,,,,,,,,,,,,
Isaiah Hodgins,WR,Isaiah Hodgins,,WR,,NYG,,,stats_only,27,7,5,18,27.5,30.5,22.5,,143,,,,,,,,,,,,,,
Isaiah Williams,WR,Isaiah Williams,,WR,,NYJ,,,stats_only,24,15,2,33,58.7,62.7,45.7,,107,,,,,,,,,,,,,,
JP Richardson,WR,JP Richardson,,WR,,CHI,,,stats_only,23,1,0,,,,,,239,,,,,,,,,,,,,,
Ja'Corey Brooks,WR,Ja'Corey Brooks,,WR,,WAS,,,stats_only,24,1,0,,,,,,220,,,,,,,,,,,,,,
Jacardia Wright,RB,Jacardia Wright,,RB,,SEA,,,stats_only,25,1,0,2,2,2,2,,129,,,,,,,,,,,,,,
Jack Stoll,TE,Jack Stoll,,TE,,NOR,,,stats_only,27,15,4,11,16.6,16.6,13.6,,79,,,,,,,,,,,,,,
Jack Westover,RB,Jack Westover,,FB,,NWE,,,stats_only,26,17,2,,1,1,0.5,,159,,,,,,,,,,,,,,
Jackson Hawes,TE,Jackson Hawes,,TE,,BUF,,,stats_only,25,17,8,37,52.7,55.7,44.7,,49,,,,,,,,,,,,,,
Jackson Meeks,WR,Jackson Meeks,,WR,,DET,,,stats_only,22,2,0,,,,,,234,,,,,,,,,,,,,,
Jacob Saylors,RB,Jacob Saylors,,RB,,DET,,,stats_only,24,16,0,1,1.1,1.1,1.1,,132,,,,,,,,,,,,,,
Jacoby Brissett,QB,Jacoby Brissett,,QB,,ARI,,,stats_only,33,14,12,227,227.4,245.4,235.4,,16,,,,,,,,,,,,,,
Jacoby Jones,WR,Jacoby Jones,,WR,,WAS,,,stats_only,24,1,0,3,3.5,3.5,3,,199,,,,,,,,,,,,,,
Jahdae Walker,WR,Jahdae Walker,,WR,,CHI,,,stats_only,23,9,1,21,26.7,26.7,23.7,,130,,,,,,,,,,,,,,
Jake Bobo,WR,Jake Bobo,,WR,,SEA,,,stats_only,27,11,0,2,4,4,3,,203,,,,,,,,,,,,,,
Jake Browning,QB,Jake Browning,,QB,,CIN,,,stats_only,29,5,3,49,48.7,59.7,56.7,,45,,,,,,,,,,,,,,
Jake Tonges,TE,Jake Tonges,,TE,,SFO,,,stats_only,26,17,2,59,93.3,96.3,76.3,,30,,,,,,,,,,,,,,
Jakob Johnson,RB,Jakob Johnson,,FB,,HOU,,,stats_only,31,7,2,,,,,,150,,,,,,,,,,,,,,
Jakobie Keeney-James,WR,Jakobie Keeney-James,,WR,,GNB,,,stats_only,25,1,1,2,3.5,3.5,2.5,,209,,,,,,,,,,,,,,
Jalen Brooks,WR,Jalen Brooks,,WR,,2TM,,,stats_only,25,6,0,3,6.1,7.1,4.6,,192,,,,,,,,,,,,,,
Jalen Moreno-Cropper,WR,Jalen Moreno-Cropper,,WR,,DAL,,,stats_only,24,3,0,,,,,,235,,,,,,,,,,,,,,
Jalin Hyatt,WR,Jalin Hyatt,,WR,,NYG,,,stats_only,24,8,0,4,8.5,8.5,6,,188,,,,,,,,,,,,,,
Jamal Agnew,WR,Jamal Agnew,,WR,,ATL,,,stats_only,30,11,0,-2,-2,-1,-2,,250,,,,,,,,,,,,,,
Jamari Thrash,WR,Jamari Thrash,,WR,,CLE,,,stats_only,25,9,1,11,20.7,23.7,15.7,,159,,,,,,,,,,,,,,
Jameis Winston,QB,Jameis Winston,,QB,,NYG,,,stats_only,31,3,2,42,43.3,49.3,44.8,,46,,,,,,,,,,,,,,
James Mitchell,TE,James Mitchell,,TE,,CAR,,,stats_only,26,5,0,3,5.8,5.8,4.3,,99,,,,,,,,,,,,,,
James Proche,WR,James Proche,,WR,,TEN,,,stats_only,29,9,2,7,12.5,12.5,9.5,,173,,,,,,,,,,,,,,
Jared Wayne,WR,Jared Wayne,,WR,,HOU,,,stats_only,25,1,1,2,4,4,3,,205,,,,,,,,,,,,,,
Jared Wiley,TE,Jared Wiley,,TE,,KAN,,,stats_only,25,5,0,,1.4,1.4,0.9,,119,,,,,,,,,,,,,,
Jaret Patterson,RB,Jaret Patterson,,RB,,LAC,,,stats_only,26,6,1,23,25.7,28.7,24.2,,79,,,,,,,,,,,,,,
Jarrett Stidham,QB,Jarrett Stidham,,QB,,DEN,,,stats_only,29,1,0,,-0.1,-0.1,-0.1,,77,,,,,,,,,,,,,,
Jason Brownlee,WR,Jason Brownlee,,WR,,KAN,,,stats_only,26,6,0,,,,,,221,,,,,,,,,,,,,,
Jawhar Jordan,RB,Jawhar Jordan,,RB,,HOU,,,stats_only,26,4,0,23,29.7,32.7,26.2,,78,,,,,,,,,,,,,,
Jeff Wilson,RB,Jeff Wilson,,RB,,MIA,,,stats_only,30,3,0,,,,,,160,,,,,,,,,,,,,,
Jelani Woods,TE,Jelani Woods,,TE,,NYJ,,,stats_only,27,4,1,2,3.4,3.4,2.9,,101,,,,,,,,,,,,,,
Jeremy McNichols,RB,Jeremy McNichols,,RB,,WAS,,,stats_only,30,17,1,48,72.7,79.7,60.2,,62,,,,,,,,,,,,,,
Jeremy Ruckert,TE,Jeremy Ruckert,,TE,,NYJ,,,stats_only,25,17,15,24,46.9,49.9,35.4,,60,,,,,,,,,,,,,,
Jeshaun Jones,WR,Jeshaun Jones,,WR,,MIN,,,stats_only,26,1,0,,,,,,232,,,,,,,,,,,,,,
Jimmy Garoppolo,QB,Jimmy Garoppolo,,QB,,LAR,,,stats_only,34,3,0,-1,-1,-1,-1,,80,,,,,,,,,,,,,,
Jimmy Holiday,WR,Jimmy Holiday,,WR,,KAN,,,stats_only,24,1,0,,,,,,231,,,,,,,,,,,,,,
Joe Milton,QB,Joe Milton,,QB,,DAL,,,stats_only,25,4,0,10,10.3,13.3,12.3,,58,,,,,,,,,,,,,,
John Bates,TE,John Bates,,TE,,WAS,,,stats_only,28,15,11,16,27.3,30.3,21.8,,69,,,,,,,,,,,,,,
John FitzPatrick,TE,John FitzPatrick,,TE,,GNB,,,stats_only,25,15,4,13,25.2,25.2,19.2,,73,,,,,,,,,,,,,,
John Metchie,WR,John Metchie,,WR,,2TM,,,stats_only,25,16,7,39,71.9,74.9,55.4,,100,,,,,,,,,,,,,,
Johnny Mundt,TE,Johnny Mundt,,TE,,JAX,,,stats_only,31,16,6,11,20.1,23.1,15.6,,77,,,,,,,,,,,,,,
Jonathan Mingo,WR,Jonathan Mingo,,WR,,DAL,,,stats_only,24,6,0,3,3.5,3.5,3,,200,,,,,,,,,,,,,,
Jordan James,RB,Jordan James,,RB,,SFO,,,stats_only,21,3,0,,,,,,148,,,,,,,,,,,,,,
Jordan Mims,RB,Jordan Mims,,RB,,TEN,,,stats_only,26,1,0,,,,,,151,,,,,,,,,,,,,,
Jordan Watkins,WR,Jordan Watkins,,WR,,SFO,,,stats_only,23,4,0,3,4.6,4.6,3.6,,196,,,,,,,,,,,,,,
Josh Johnson,QB,Josh Johnson,,QB,,WAS,,,stats_only,39,5,2,24,24.4,30.4,26.4,,53,,,,,,,,,,,,,,
Josh Oliver,TE,Josh Oliver,,TE,,MIN,,,stats_only,28,15,7,40,55,58,47.5,,43,,,,,,,,,,,,,,
Josh Whyle,TE,Josh Whyle,,TE,,GNB,,,stats_only,26,8,1,10,14.6,14.6,12.1,,82,,,,,,,,,,,,,,
Josh Williams,RB,Josh Williams,,RB,,TAM,,,stats_only,25,3,0,1,1.1,1.1,1.1,,133,,,,,,,,,,,,,,
Joshua Dobbs,QB,Joshua Dobbs,,QB,,NWE,,,stats_only,30,4,0,2,2.1,2.1,2.1,,66,,,,,,,,,,,,,,
Josiah Deguara,TE,Josiah Deguara,,TE,,ARI,,,stats_only,28,12,2,8,11.1,11.1,9.6,,86,,,,,,,,,,,,,,
Julian Hill,TE,Julian Hill,,TE,,MIA,,,stats_only,25,14,11,16,31,34,23.5,,70,,,,,,,,,,,,,,
Justin Shorter,WR,Justin Shorter,,WR,,LVR,,,stats_only,25,7,0,,,,,,240,,,,,,,,,,,,,,
Justin Watson,WR,Justin Watson,,WR,,HOU,,,stats_only,29,3,0,3,6,6,4.5,,194,,,,,,,,,,,,,,
Kaden Davis,WR,Kaden Davis,,WR,,CLE,,,stats_only,27,2,0,,,,,,228,,,,,,,,,,,,,,
Kalel Mullings,RB,Kalel Mullings,,RB,,TEN,,,stats_only,23,9,0,1,0.7,0.7,0.7,,136,,,,,,,,,,,,,,
Kalif Raymond,WR,Kalif Raymond,,WR,,DET,,,stats_only,31,15,3,43,66.8,69.8,54.8,,88,,,,,,,,,,,,,,
Kameron Johnson,WR,Kameron Johnson,,WR,,TAM,,,stats_only,23,17,0,14,17.7,17.7,15.7,,150,,,,,,,,,,,,,,
Ke'Shawn Williams,WR,Ke'Shawn Williams,,WR,,2TM,,,stats_only,24,11,0,-1,0.5,1.5,,,249,,,,,,,,,,,,,,
Kedon Slovis,QB,Kedon Slovis,,QB,,ARI,,,stats_only,24,2,0,,-0.1,-0.1,-0.1,,75,,,,,,,,,,,,,,
Keleki Latu,TE,Keleki Latu,,TE,,BUF,,,stats_only,23,5,0,4,7.5,7.5,5.5,,97,,,,,,,,,,,,,,
Kendall Milton,RB,Kendall Milton,,RB,,CIN,,,stats_only,23,1,0,,0.2,0.2,0.2,,141,,,,,,,,,,,,,,
Kendrick Bourne,WR,Kendrick Bourne,,WR,,SFO,,,stats_only,30,16,8,55,92.1,95.1,73.6,,74,,,,,,,,,,,,,,
Kene Nwangwu,RB,Kene Nwangwu,,RB,,NYJ,,,stats_only,27,12,1,11,10.9,10.9,10.9,,98,,,,,,,,,,,,,,
Kenneth Gainwell,RB,Kenneth Gainwell,,RB,,PIT,,,stats_only,26,17,2,148,221.3,228.3,184.8,,24,,,,,,,,,,,,,,
Kenny Pickett,QB,Kenny Pickett,,QB,,LVR,,,stats_only,27,6,2,8,7.7,10.7,9.7,,60,,,,,,,,,,,,,,
Kevin Austin,WR,Kevin Austin,,WR,,NOR,,,stats_only,25,8,1,20,33,36,26.5,,133,,,,,,,,,,,,,,
KhaDarel Hodge,WR,KhaDarel Hodge,,WR,,ATL,,,stats_only,30,12,1,3,6.1,6.1,4.6,,193,,,,,,,,,,,,,,
Khalil Herbert,RB,Khalil Herbert,,RB,,NYJ,,,stats_only,27,7,0,6,6.6,6.6,6.1,,116,,,,,,,,,,,,,,
Kimani Vidal,RB,Kimani Vidal,,RB,,LAC,,,stats_only,24,13,10,102,117.9,123.9,109.9,,41,,,,,,,,,,,,,,
Ko Kieft,TE,Ko Kieft,,TE,,TAM,,,stats_only,27,3,0,,,,,,134,,,,,,,,,,,,,,
Konata Mumpfield,WR,Konata Mumpfield,,WR,,LAR,,,stats_only,23,17,0,15,25.2,25.2,20.2,,146,,,,,,,,,,,,,,
Kyle Allen,QB,Kyle Allen,,QB,,DET,,,stats_only,29,3,0,,-0.3,-0.3,-0.3,,78,,,,,,,,,,,,,,
Kylen Granson,TE,Kylen Granson,,TE,,PHI,,,stats_only,27,17,3,4,11,11,7.5,,95,,,,,,,,,,,,,,
Laquon Treadwell,WR,Laquon Treadwell,,WR,,IND,,,stats_only,30,10,0,,,,,,243,,,,,,,,,,,,,,
Lawrence Cager,TE,Lawrence Cager,,TE,,WAS,,,stats_only,28,1,0,,,,,,124,,,,,,,,,,,,,,
LeQuint Allen,RB,LeQuint Allen,,RB,,JAX,,,stats_only,21,17,1,15,24.8,24.8,19.8,,92,,,,,,,,,,,,,,
Lew Nichols,RB,Lew Nichols,,RB,,PIT,,,stats_only,24,1,0,,,,,,153,,,,,,,,,,,,,,
Lil'Jordan Humphrey,WR,Lil'Jordan Humphrey,,WR,,2TM,,,stats_only,27,10,4,22,34.6,37.6,28.1,,128,,,,,,,,,,,,,,
Lucas Krull,TE,Lucas Krull,,TE,,DEN,,,stats_only,27,3,3,2,3.5,3.5,2.5,,108,,,,,,,,,,,,,,
Luke Farrell,TE,Luke Farrell,,TE,,SFO,,,stats_only,28,17,4,19,29.5,30.5,24,,64,,,,,,,,,,,,,,
Luke Musgrave,TE,Luke Musgrave,,TE,,GNB,,,stats_only,25,17,10,25,49.2,52.2,37.2,,57,,,,,,,,,,,,,,
Luke Schoonmaker,TE,Luke Schoonmaker,,TE,,DAL,,,stats_only,27,17,7,13,27.2,30.2,20.2,,74,,,,,,,,,,,,,,
Mac Jones,QB,Mac Jones,,QB,,SFO,,,stats_only,27,11,8,130,130,141,136,,30,,,,,,,,,,,,,,
Mack Hollins,WR,Mack Hollins,,WR,,NWE,,,stats_only,32,15,13,67,113.4,116.4,90.4,,60,,,,,,,,,,,,,,
Malachi Corley,WR,Malachi Corley,,WR,,CLE,,,stats_only,23,13,5,21,31.6,34.6,26.1,,131,,,,,,,,,,,,,,
Malik Cunningham,WR,Malik Cunningham,,WR,,DET,,,stats_only,27,1,0,,0.1,0.1,0.1,,217,,,,,,,,,,,,,,
Malik Davis,RB,Malik Davis,,RB,,DAL,,,stats_only,27,10,0,39,40.6,43.6,39.6,,69,,,,,,,,,,,,,,
Malik Heath,WR,Malik Heath,,WR,,GNB,,,stats_only,25,11,0,9,14.6,14.6,11.6,,168,,,,,,,,,,,,,,
Malik Turner,WR,Malik Turner,,WR,,SFO,,,stats_only,29,3,0,,,,,,245,,,,,,,,,,,,,,
Malik Willis,QB,Malik Willis,,QB,,GNB,,,stats_only,26,4,1,51,51.2,58.2,51.2,,43,,,,,,,,,,,,,,
Marcedes Lewis,TE,Marcedes Lewis,,TE,,DEN,,,stats_only,41,5,1,,,,,,136,,,,,,,,,,,,,,
Marcus Mariota,QB,Marcus Mariota,,QB,,WAS,,,stats_only,32,11,8,126,125.5,141.5,132.5,,31,,,,,,,,,,,,,,
Marquez Valdes-Scantling,WR,Marquez Valdes-Scantling,,WR,,2TM,,,stats_only,31,10,1,18,32,35,25,,140,,,,,,,,,,,,,,
Mason Kinsey,WR,Mason Kinsey,,WR,,TEN,,,stats_only,27,10,0,5,6.8,6.8,5.8,,179,,,,,,,,,,,,,,
Mason Rudolph,QB,Mason Rudolph,,QB,,PIT,,,stats_only,30,5,1,15,15,21,17,,54,,,,,,,,,,,,,,
Mason Tipton,WR,Mason Tipton,,WR,,NOR,,,stats_only,25,14,3,9,20.4,20.4,14.9,,163,,,,,,,,,,,,,,
Maurice Alexander,WR,Maurice Alexander,,WR,,CHI,,,stats_only,28,1,0,,,,,,218,,,,,,,,,,,,,,
Max Brosmer,QB,Max Brosmer,,QB,,MIN,,,stats_only,24,7,2,4,4.2,12.2,8.2,,62,,,,,,,,,,,,,,
Mecole Hardman,WR,Mecole Hardman,,WR,,BUF,,,stats_only,27,2,0,-2,-2,-1,-2,,251,,,,,,,,,,,,,,
Michael Bandy,WR,Michael Bandy,,WR,,DEN,,,stats_only,28,4,0,9,13,14,11,,166,,,,,,,,,,,,,,
Michael Carter,RB,Michael Carter,,RB,,ARI,,,stats_only,26,13,5,66,99,105,82.5,,55,,,,,,,,,,,,,,
Michael Mayer,TE,Michael Mayer,,TE,,LVR,,,stats_only,24,13,12,39,73.8,76.8,56.3,,45,,,,,,,,,,,,,,
Mitchell Evans,TE,Mitchell Evans,,TE,,CAR,,,stats_only,22,17,10,29,48.2,51.2,38.7,,52,,,,,,,,,,,,,,
Mitchell Tinsley,WR,Mitchell Tinsley,,WR,,CIN,,,stats_only,26,17,4,24,31.6,34.6,27.6,,126,,,,,,,,,,,,,,
Mitchell Trubisky,QB,Mitchell Trubisky,,QB,,BUF,,,stats_only,31,4,0,31,31.1,34.1,31.1,,50,,,,,,,,,,,,,,
Mo Alie-Cox,TE,Mo Alie-Cox,,TE,,IND,,,stats_only,32,17,6,18,30.7,33.7,24.2,,66,,,,,,,,,,,,,,
Moliki Matavao,TE,Moliki Matavao,,TE,,NOR,,,stats_only,22,6,2,1,3,3,2,,112,,,,,,,,,,,,,,
Myles Gaskin,RB,Myles Gaskin,,RB,,SEA,,,stats_only,28,1,0,1,0.6,0.6,0.6,,137,,,,,,,,,,,,,,
Myles Price,WR,Myles Price,,WR,,MIN,,,stats_only,24,16,0,-6,-6,-3,-6,,254,,,,,,,,,,,,,,
Nate Adkins,TE,Nate Adkins,,TE,,DEN,,,stats_only,26,9,6,11,16.8,16.8,13.8,,78,,,,,,,,,,,,,,
Nathan Carter,RB,Nathan Carter,,RB,,ATL,,,stats_only,23,7,0,4,4,5,4,,121,,,,,,,,,,,,,,
Nick Kallerup,TE,Nick Kallerup,,TE,,SEA,,,stats_only,24,9,0,,,,,,133,,,,,,,,,,,,,,
Nick Mullens,QB,Nick Mullens,,QB,,JAX,,,stats_only,30,5,0,,,,,,74,,,,,,,,,,,,,,
Nick Vannett,TE,Nick Vannett,,TE,,2TM,,,stats_only,32,10,1,,,,,,142,,,,,,,,,,,,,,
Nick Westbrook-Ikhine,WR,Nick Westbrook-Ikhine,,WR,,MIA,,,stats_only,28,15,3,9,19.9,19.9,14.4,,167,,,,,,,,,,,,,,
Nikko Remigio,WR,Nikko Remigio,,WR,,KAN,,,stats_only,26,14,0,3,4.2,4.2,3.7,,190,,,,,,,,,,,,,,
Nikola Kalinic,TE,Nikola Kalinic,,TE,,CHI,,,stats_only,28,2,0,,,,,,132,,,,,,,,,,,,,,
Noah Brown,WR,Noah Brown,,WR,,WAS,,,stats_only,29,4,4,8,13.3,13.3,10.8,,170,,,,,,,,,,,,,,
Noah Fant,TE,Noah Fant,,TE,,CIN,,,stats_only,28,15,7,41,74.8,80.8,57.8,,41,,,,,,,,,,,,,,
Nyheim Hines,RB,Nyheim Hines,,RB,,2TM,,,stats_only,29,4,0,,-0.2,-0.2,-0.2,,161,,,,,,,,,,,,,,
Oronde Gadsden II,TE,Oronde Gadsden II,,TE,,LAC,,,stats_only,22,15,7,82,131.4,135.4,106.9,,20,,,,,,,,,,,,,,
Owen Wright,RB,Owen Wright,,RB,,TAM,,,stats_only,26,3,0,1,0.6,0.6,0.6,,138,,,,,,,,,,,,,,
Parker Washington,WR,Parker Washington,,WR,,JAX,,,stats_only,23,16,7,127,184.7,187.7,155.7,9,21,60,,,,,,,,,,,,,
Parris Campbell,WR,Parris Campbell,,WR,,DAL,,,stats_only,28,1,0,,,,,,224,,,,,,,,,,,,,,
Patrick Ricard,RB,Patrick Ricard,,FB,,BAL,,,stats_only,31,11,5,1,2.1,2.1,1.6,,131,,,,,,,,,,,,,,
Payne Durham,TE,Payne Durham,,TE,,TAM,,,stats_only,25,17,10,1,2.1,2.1,1.6,,111,,,,,,,,,,,,,,
Pharaoh Brown,TE,Pharaoh Brown,,TE,,ARI,,,stats_only,31,7,2,,2.1,2.1,1.1,,122,,,,,,,,,,,,,,
Phil Mafah,RB,Phil Mafah,,RB,,DAL,,,stats_only,23,1,0,9,10.9,10.9,9.9,,103,,,,,,,,,,,,,,
Philip Rivers,QB,Philip Rivers,,QB,,IND,,,stats_only,44,3,3,32,31.7,37.7,34.7,,49,,,,,,,,,,,,,,
Princeton Fant,TE,Princeton Fant,,TE,,DAL,,,stats_only,26,1,0,,,,,,128,,,,,,,,,,,,,,
Quentin Skinner,WR,Quentin Skinner,,WR,,NYJ,,,stats_only,24,1,0,1,2,2,1.5,,211,,,,,,,,,,,,,,
Quinn Ewers,QB,Quinn Ewers,,QB,,MIA,,,stats_only,22,4,3,32,33.2,39.2,35.7,,48,,,,,,,,,,,,,,
Quintin Morris,TE,Quintin Morris,,TE,,JAX,,,stats_only,26,14,5,12,17.5,17.5,14.5,,75,,,,,,,,,,,,,,
Raheim Sanders,RB,Raheim Sanders,,RB,,CLE,,,stats_only,23,4,1,17,20.3,20.3,18.8,,88,,,,,,,,,,,,,,
Rasheen Ali,RB,Rasheen Ali,,RB,,BAL,,,stats_only,24,15,0,15,24.2,24.2,19.7,,91,,,,,,,,,,,,,,
Reggie Gilliam,RB,Reggie Gilliam,,FB,,BUF,,,stats_only,28,17,2,3,4.8,4.8,3.8,,125,,,,,,,,,,,,,,
Ricky White,WR,Ricky White,,WR,,SEA,,,stats_only,23,2,0,,,,,,246,,,,,,,,,,,,,,
Riley Leonard,QB,Riley Leonard,,QB,,IND,,,stats_only,23,5,1,29,29,37,32,,51,,,,,,,,,,,,,,
River Cracraft,WR,River Cracraft,,WR,,WAS,,,stats_only,31,2,0,,,,,,227,,,,,,,,,,,,,,
Robbie Chosen,WR,Robbie Chosen,,WR,,WAS,,,stats_only,32,3,0,5,10.3,10.3,7.8,,178,,,,,,,,,,,,,,
Robbie Ouzts,RB,Robbie Ouzts,,FB,,SEA,,,stats_only,23,12,2,,,,,,154,,,,,,,,,,,,,,
Robert Tonyan,TE,Robert Tonyan,,TE,,KAN,,,stats_only,31,17,0,,1.1,1.1,0.6,,123,,,,,,,,,,,,,,
Ronnie Bell,WR,Ronnie Bell,,WR,,NOR,,,stats_only,25,2,0,8,10.3,10.3,9.3,,169,,,,,,,,,,,,,,
Ronnie Rivers,RB,Ronnie Rivers,,RB,,LAR,,,stats_only,26,11,0,5,4.6,4.6,4.6,,120,,,,,,,,,,,,,,
Ross Dwelley,TE,Ross Dwelley,,TE,,DET,,,stats_only,30,11,1,1,2.7,2.7,1.7,,114,,,,,,,,,,,,,,
Russell Gage,WR,Russell Gage,,WR,,SFO,,,stats_only,29,1,0,,,,,,230,,,,,,,,,,,,,,
Ryan Flournoy,WR,Ryan Flournoy,,WR,,DAL,,,stats_only,26,16,4,74,114,117,94,,54,,,,,,,,,,,,,,
Ryan Miller,WR,Ryan Miller,,WR,,TAM,,,stats_only,25,13,3,9,11.4,11.4,10.4,,162,,,,,,,,,,,,,,
Sal Cannella,TE,Sal Cannella,,TE,,CLE,,,stats_only,29,2,0,1,3.1,3.1,2.1,,110,,,,,,,,,,,,,,
Samori Toure,WR,Samori Toure,,WR,,NOR,,,stats_only,27,1,0,,1.3,1.3,0.8,,216,,,,,,,,,,,,,,
Savion Williams,WR,Savion Williams,,WR,,GNB,,,stats_only,24,12,0,16,25.5,26.5,20.5,,145,,,,,,,,,,,,,,
Scotty Miller,WR,Scotty Miller,,WR,,PIT,,,stats_only,28,13,0,6,15.2,15.2,10.7,,175,,,,,,,,,,,,,,
Sean McKeon,TE,Sean McKeon,,TE,,IND,,,stats_only,28,1,0,,,,,,137,,,,,,,,,,,,,,
Shane Buechele,QB,Shane Buechele,,QB,,KAN,,,stats_only,27,1,0,4,3.9,3.9,3.9,,63,,,,,,,,,,,,,,
Shane Zylstra,TE,Shane Zylstra,,TE,,DET,,,stats_only,29,6,3,2,5,5,3.5,,102,,,,,,,,,,,,,,
Shedrick Jackson,WR,Shedrick Jackson,,WR,,LVR,,,stats_only,26,5,0,12,15.9,15.9,13.9,,156,,,,,,,,,,,,,,
Simi Fehoko,WR,Simi Fehoko,,WR,,ARI,,,stats_only,28,8,0,,,,,,229,,,,,,,,,,,,,,
Sione Vaki,RB,Sione Vaki,,RB,,DET,,,stats_only,24,11,0,,0.4,0.4,0.4,,140,,,,,,,,,,,,,,
Skyy Moore,WR,Skyy Moore,,WR,,SFO,,,stats_only,25,17,0,10,14.8,14.8,12.3,,161,,,,,,,,,,,,,,
Stephen Carlson,TE,Stephen Carlson,,TE,,CHI,,,stats_only,29,2,0,,,,,,125,,,,,,,,,,,,,,
Sterling Shepard,WR,Sterling Shepard,,WR,,TAM,,,stats_only,32,13,2,43,82,86,62.5,,87,,,,,,,,,,,,,,
Steven Sims,WR,Steven Sims,,WR,,ARI,,,stats_only,28,3,0,,,,,,241,,,,,,,,,,,,,,
Stone Smartt,TE,Stone Smartt,,TE,,NYJ,,,stats_only,27,15,1,5,12.2,12.2,8.7,,91,,,,,,,,,,,,,,
Tahj Washington,WR,Tahj Washington,,WR,,MIA,,,stats_only,24,6,1,2,4.7,5.7,3.2,,207,,,,,,,,,,,,,,
Tai Felton,WR,Tai Felton,,WR,,MIN,,,stats_only,22,17,0,3,5.5,5.5,4,,198,,,,,,,,,,,,,,
Tanner Conner,TE,Tanner Conner,,TE,,MIA,,,stats_only,27,9,0,9,18.1,18.1,13.6,,83,,,,,,,,,,,,,,
Tanner Hudson,TE,Tanner Hudson,,TE,,CIN,,,stats_only,31,15,1,29,47.8,50.8,38.3,,53,,,,,,,,,,,,,,
Tanner McKee,QB,Tanner McKee,,QB,,PHI,,,stats_only,25,4,1,14,13.8,14.8,14.8,,55,,,,,,,,,,,,,,
Tay Martin,WR,Tay Martin,,WR,,WAS,,,stats_only,28,3,0,2,4.3,4.3,3.3,,201,,,,,,,,,,,,,,
Teagan Quitoriano,TE,Teagan Quitoriano,,TE,,ATL,,,stats_only,25,17,1,,,,,,138,,,,,,,,,,,,,,
Teddy Bridgewater,QB,Teddy Bridgewater,,QB,,TAM,,,stats_only,33,4,0,3,2.9,2.9,2.9,,64,,,,,,,,,,,,,,
Tejhaun Palmer,WR,Tejhaun Palmer,,WR,,ARI,,,stats_only,25,1,0,,,,,,237,,,,,,,,,,,,,,
Terrell Jennings,RB,Terrell Jennings,,RB,,NWE,,,stats_only,24,7,0,14,15.2,15.2,14.7,,93,,,,,,,,,,,,,,
Tez Johnson,WR,Tez Johnson,,WR,,TAM,,,stats_only,23,16,8,64,92.4,95.4,78.4,,63,,,,,,,,,,,,,,
Theo Wease,WR,Theo Wease,,WR,,MIA,,,stats_only,24,3,0,20,25.9,28.9,22.9,,134,,,,,,,,,,,,,,
Thomas Fidone,TE,Thomas Fidone,,TE,,NYG,,,stats_only,23,7,0,,,,,,129,,,,,,,,,,,,,,
Tim Jones,WR,Tim Jones,,WR,,2TM,,,stats_only,27,4,0,2,2.5,2.5,2,,208,,,,,,,,,,,,,,
Tim Patrick,WR,Tim Patrick,,WR,,JAX,,,stats_only,32,16,3,37,51.7,54.7,44.2,,102,,,,,,,,,,,,,,
Tip Reiman,TE,Tip Reiman,,TE,,ARI,,,stats_only,24,4,3,2,4.8,4.8,3.3,,104,,,,,,,,,,,,,,
Tom Kennedy,WR,Tom Kennedy,,WR,,DET,,,stats_only,29,6,0,4,7.6,7.6,5.6,,187,,,,,,,,,,,,,,
Tommy Tremble,TE,Tommy Tremble,,TE,,CAR,,,stats_only,25,17,16,37,63.9,66.9,50.4,,47,,,,,,,,,,,,,,
Travis Homer,RB,Travis Homer,,RB,,CHI,,,stats_only,27,10,0,,-0.2,-0.2,-0.2,,162,,,,,,,,,,,,,,
Travis Vokolek,TE,Travis Vokolek,,TE,,ARI,,,stats_only,27,5,1,,,,,,143,,,,,,,,,,,,,,
Trayveon Williams,RB,Trayveon Williams,,RB,,2TM,,,stats_only,28,7,0,9,17.1,17.1,13.1,,102,,,,,,,,,,,,,,
Trent Sherfield,WR,Trent Sherfield,,WR,,2TM,,,stats_only,29,12,3,2,5.1,5.1,3.6,,202,,,,,,,,,,,,,,
Trevor Etienne,RB,Trevor Etienne,,RB,,CAR,,,stats_only,21,17,0,9,11.7,12.7,10.2,,104,,,,,,,,,,,,,,
Trey Lance,QB,Trey Lance,,QB,,LAC,,,stats_only,25,4,1,14,13.5,15.5,14.5,,56,,,,,,,,,,,,,,
Trey Sermon,RB,Trey Sermon,,RB,,PIT,,,stats_only,26,4,0,,,,,,157,,,,,,,,,,,,,,
Treylon Burks,WR,Treylon Burks,,WR,,WAS,,,stats_only,25,8,3,19,29,32,24,,136,,,,,,,,,,,,,,
Treyton Welch,TE,Treyton Welch,,TE,,NOR,,,stats_only,24,3,1,,,,,,144,,,,,,,,,,,,,,
Tucker Fisk,TE,Tucker Fisk,,TE,,LAC,,,stats_only,26,10,7,2,3.9,3.9,2.9,,103,,,,,,,,,,,,,,
Ty Chandler,RB,Ty Chandler,,RB,,MIN,,,stats_only,27,3,0,6,8.8,8.8,7.3,,115,,,,,,,,,,,,,,
Tylan Wallace,WR,Tylan Wallace,,WR,,BAL,,,stats_only,26,14,2,11,14.5,14.5,12.5,,160,,,,,,,,,,,,,,
Tyler Badie,RB,Tyler Badie,,RB,,DEN,,,stats_only,25,16,0,16,35.4,38.4,25.9,,90,,,,,,,,,,,,,,
Tyler Conklin,TE,Tyler Conklin,,TE,,LAC,,,stats_only,30,13,5,10,17.3,20.3,13.8,,80,,,,,,,,,,,,,,
Tyler Goodson,RB,Tyler Goodson,,RB,,IND,,,stats_only,25,11,0,3,5.2,5.2,4.2,,124,,,,,,,,,,,,,,
Tyler Huntley,QB,Tyler Huntley,,QB,,BAL,,,stats_only,27,5,2,40,40.1,46.1,40.1,,47,,,,,,,,,,,,,,
Tyler Johnson,WR,Tyler Johnson,,WR,,NYJ,,,stats_only,27,12,5,26,37.7,40.7,31.7,,123,,,,,,,,,,,,,,
Tyquan Thornton,WR,Tyquan Thornton,,WR,,KAN,,,stats_only,25,14,4,62,80.8,83.8,71.3,,67,,,,,,,,,,,,,,
Tyrell Shavers,WR,Tyrell Shavers,,WR,,BUF,,,stats_only,26,17,9,31,45.5,48.5,38,,112,,,,,,,,,,,,,,
Tyrod Taylor,QB,Tyrod Taylor,,QB,,NYJ,,,stats_only,36,6,4,59,59.5,71.5,64.5,,42,,,,,,,,,,,,,,
Tyson Bagent,QB,Tyson Bagent,,QB,,CHI,,,stats_only,25,3,0,3,2.6,2.6,2.6,,65,,,,,,,,,,,,,,
Ulysses Bentley,RB,Ulysses Bentley,,RB,,IND,,,stats_only,25,1,0,,,,,,142,,,,,,,,,,,,,,
Van Jefferson,WR,Van Jefferson,,WR,,TEN,,,stats_only,29,16,7,41,70,73,55.5,,93,,,,,,,,,,,,,,
Velus Jones Jr.,WR,Velus Jones Jr.,,WR,,2TM,,,stats_only,28,8,0,3,3.2,3.2,3.2,,189,,,,,,,,,,,,,,
Will Dissly,TE,Will Dissly,,TE,,LAC,,,stats_only,29,9,2,10,20.7,20.7,15.2,,81,,,,,,,,,,,,,,
Will Mallory,TE,Will Mallory,,TE,,IND,,,stats_only,26,2,0,2,2.6,2.6,2.1,,107,,,,,,,,,,,,,,
Xavier Gipson,WR,Xavier Gipson,,WR,,3TM,,,stats_only,24,7,0,-3,-1.4,0.6,-2.4,,253,,,,,,,,,,,,,,
Xavier Hutchinson,WR,Xavier Hutchinson,,WR,,HOU,,,stats_only,25,17,6,63,98,101,80.5,,65,,,,,,,,,,,,,,
Xavier Restrepo,WR,Xavier Restrepo,,WR,,TEN,,,stats_only,23,2,0,4,7.1,7.1,5.6,,185,,,,,,,,,,,,,,
Xavier Smith,WR,Xavier Smith,,WR,,LAR,,,stats_only,28,16,3,30,48.3,51.3,39.3,,115,,,,,,,,,,,,,,
Xavier Weaver,WR,Xavier Weaver,,WR,,ARI,,,stats_only,25,10,2,7,13.7,13.7,10.2,,172,,,,,,,,,,,,,,
Zach Davidson,TE,Zach Davidson,,TE,,NYG,,,stats_only,27,1,0,,,,,,126,,,,,,,,,,,,,,
Zach Horton,TE,Zach Horton,,TE,,DET,,,stats_only,23,2,0,,,,,,130,,,,,,,,,,,,,,
Zach Wilson,QB,Zach Wilson,,QB,,MIA,,,stats_only,26,4,0,1,1.4,1.4,1.4,,69,,,,,,,,,,,,,,
Zaire Mitchell-Paden,TE,Zaire Mitchell-Paden,,TE,,2TM,,,stats_only,26,8,1,2,3.7,3.7,2.7,,106,,,,,,,,,,,,,,
Zavier Scott,RB,Zavier Scott,,RB,,MIN,,,stats_only,26,16,0,25,39.2,43.2,32.2,,76,,,,,,,,,,,,,,
Zay Jones,WR,Zay Jones,,WR,,ARI,,,stats_only,30,8,0,18,30.3,33.3,24.3,,138,,,,,,,,,,,,,,
Zonovan Knight,RB,Zonovan Knight,,RB,,ARI,,,stats_only,24,12,8,71,92.9,99.9,81.9,,51,,,,,,,,,,,,,,
