Rk,Player,Tm,FantPos,Age,G,GS,FantPt,PPR,DKPt,FDPt,VBD,PosRank,OvRank
1,Jonathan Taylor,IND,RB,26,17,17,316.0,362.3,369.3,339.3,158.0,1,1.0
2,Christian McCaffrey,SFO,RB,29,17,17,315.0,416.6,422.6,365.6,157.0,2,2.0
3,Bijan Robinson,ATL,RB,23,17,17,292.0,370.8,379.8,331.3,135.0,3,3.0
4,Jahmyr Gibbs,DET,RB,23,17,17,290.0,366.9,373.9,328.4,133.0,4,4.0
5,Puka Nacua,LAR,WR,24,16,15,246.0,375.0,382.0,310.5,121.0,1,5.0
6,Jaxon Smith-Njigba,SEA,WR,23,17,17,241.0,359.9,363.9,300.4,116.0,2,6.0
7,James Cook,BUF,RB,26,17,17,269.0,302.2,311.2,285.7,114.0,5,7.0
8,Derrick Henry,BAL,RB,31,17,17,265.0,279.5,288.5,272.0,109.0,6,8.0
9,De'Von Achane,MIA,RB,24,16,16,256.0,322.8,328.8,289.3,101.0,7,9.0
10,Josh Allen,BUF,QB,29,17,17,365.0,364.6,383.6,374.6,87.0,1,10.0
11,Amon-Ra St. Brown,DET,WR,26,17,17,207.0,324.0,327.0,265.5,84.0,3,11.0
12,Trey McBride,ARI,TE,26,17,17,190.0,315.9,318.9,252.9,82.0,1,12.0
13,George Pickens,DAL,WR,24,17,15,199.0,291.9,294.9,245.4,77.0,4,13.0
14,Drake Maye,NWE,QB,23,17,17,351.0,352.0,369.0,359.5,74.0,2,14.0
15,Matthew Stafford,LAR,QB,37,17,17,350.0,350.4,364.4,358.4,74.0,3,15.0
16,Kyren Williams,LAR,RB,25,17,17,227.0,263.3,271.3,245.3,74.0,8,16.0
17,Ja'Marr Chase,CIN,WR,25,16,16,189.0,313.6,317.6,251.1,67.0,5,17.0
18,Travis Etienne,JAX,RB,26,17,16,218.0,253.9,259.9,235.9,66.0,9,18.0
19,Trevor Lawrence,JAX,QB,26,17,17,338.0,338.2,359.2,350.2,62.0,4,19.0
20,Chase Brown,CIN,RB,25,17,17,214.0,282.6,288.6,248.1,61.0,10,20.0
21,Javonte Williams,DAL,RB,25,16,16,208.0,242.8,250.8,225.3,56.0,11,21.0
22,Josh Jacobs,GNB,RB,27,15,15,201.0,237.1,245.1,219.1,50.0,12,22.0
23,Chris Olave,NOR,WR,25,16,16,168.0,268.0,272.0,219.0,48.0,6,23.0
24,D'Andre Swift,CHI,RB,26,16,16,195.0,228.6,236.6,211.6,44.0,14,24.0
25,Saquon Barkley,PHI,RB,28,16,16,195.0,232.3,239.3,213.8,44.0,13,25.0
26,Davante Adams,LAR,WR,33,14,14,163.0,222.9,225.9,192.9,43.0,7,26.0
27,Caleb Williams,CHI,QB,24,17,17,317.0,318.7,332.7,324.7,42.0,5,27.0
28,Dak Prescott,DAL,QB,32,17,17,314.0,313.8,331.8,323.8,39.0,6,28.0
29,Ashton Jeanty,LVR,RB,22,17,17,190.0,245.1,252.1,217.6,39.0,15,29.0
30,Zay Flowers,BAL,WR,25,17,17,157.0,243.3,249.3,200.3,37.0,8,30.0
31,Nico Collins,HOU,WR,26,15,15,155.0,226.2,230.2,190.7,35.0,9,31.0
32,Jameson Williams,DET,WR,24,17,15,155.0,219.9,222.9,187.4,35.0,10,32.0
33,Tee Higgins,CIN,WR,26,15,14,153.0,211.6,214.6,182.1,33.0,11,33.0
34,Bo Nix,DEN,QB,25,17,17,305.0,304.8,323.8,315.8,31.0,7,34.0
35,Rico Dowdle,CAR,RB,27,17,11,177.0,216.3,223.3,196.8,27.0,16,35.0
36,Jaylen Warren,PIT,RB,27,16,15,177.0,217.1,223.1,197.1,27.0,17,36.0
37,Courtland Sutton,DEN,WR,30,17,16,146.0,219.7,222.7,182.7,27.0,12,37.0
38,Jalen Hurts,PHI,QB,27,16,16,299.0,299.1,315.1,305.1,26.0,8,38.0
39,Jared Goff,DET,QB,31,17,17,297.0,297.1,313.1,305.1,24.0,9,39.0
40,Michael Wilson,ARI,WR,25,17,13,143.0,220.6,223.6,181.6,24.0,13,40.0
41,A.J. Brown,PHI,WR,28,15,15,142.0,220.3,223.3,181.3,23.0,14,41.0
42,Breece Hall,NYJ,RB,24,16,16,172.0,207.7,215.7,189.7,22.0,18,42.0
43,TreVeyon Henderson,NWE,RB,23,17,4,171.0,206.2,213.2,188.7,22.0,19,43.0
44,Tetairoa McMillan,CAR,WR,22,17,17,141.0,211.4,215.4,176.4,22.0,15,44.0
45,Dallas Goedert,PHI,TE,30,15,15,125.0,185.1,188.1,155.1,21.0,2,45.0
46,Kyle Pitts,ATL,TE,25,17,17,123.0,210.8,213.8,166.8,19.0,3,46.0
47,Alec Pierce,IND,WR,25,15,14,136.0,183.3,186.3,159.8,18.0,16,47.0
48,Drake London,ATL,WR,24,12,12,134.0,201.9,205.9,167.9,15.0,17,48.0
49,Hunter Henry,NWE,TE,31,17,17,119.0,178.8,181.8,148.8,15.0,4,49.0
50,Justin Herbert,LAC,QB,27,16,16,287.0,286.9,307.9,299.9,14.0,10,50.0
51,Emeka Egbuka,TAM,WR,23,17,13,133.0,195.7,198.7,164.2,14.0,18,51.0
52,Travis Kelce,KAN,TE,36,17,17,117.0,193.2,196.2,155.2,13.0,5,52.0
53,Patrick Mahomes,KAN,QB,30,14,14,285.0,285.7,302.7,296.2,12.0,11,53.0
54,Zach Charbonnet,SEA,RB,24,16,0,161.0,181.4,187.4,171.4,12.0,20,54.0
55,Kenneth Walker III,SEA,RB,25,17,17,161.0,191.9,197.9,176.4,12.0,21,55.0
56,Jaylen Waddle,MIA,WR,27,16,16,130.0,194.1,197.1,162.1,12.0,19,56.0
57,RJ Harvey,DEN,RB,24,17,7,160.0,206.6,213.6,183.1,11.0,22,57.0
58,Harold Fannin,CLE,TE,21,16,13,114.0,186.4,190.4,150.4,11.0,6,58.0
59,D.K. Metcalf,PIT,WR,28,15,15,128.0,187.2,190.2,157.7,10.0,20,59.0
60,Parker Washington,JAX,WR,23,16,7,127.0,184.7,187.7,155.7,9.0,21,60.0
61,Tyler Warren,IND,TE,23,17,12,113.0,188.5,191.5,150.5,9.0,7,61.0
62,Brock Bowers,LVR,TE,23,12,8,112.0,176.2,179.2,144.2,9.0,8,62.0
63,CeeDee Lamb,DAL,WR,26,14,13,126.0,200.9,203.9,163.4,8.0,22,63.0
64,Wan'Dale Robinson,NYG,WR,24,16,15,126.0,217.9,220.9,171.9,8.0,23,64.0
65,Stefon Diggs,NWE,WR,32,17,17,125.0,210.3,213.3,167.8,7.0,24,65.0
66,DeVonta Smith,PHI,WR,27,17,16,125.0,201.8,204.8,163.3,7.0,25,66.0
67,Michael Pittman Jr.,IND,WR,28,17,16,122.0,202.4,205.4,162.4,5.0,26,67.0
68,Tony Pollard,TEN,RB,28,17,17,153.0,185.8,194.8,169.3,4.0,23,68.0
69,Colston Loveland,CHI,TE,21,16,11,107.0,165.1,168.1,136.1,4.0,9,69.0
70,Quentin Johnston,LAC,WR,24,14,10,120.0,171.2,175.2,145.7,3.0,27,70.0
71,D.J. Moore,CHI,WR,28,17,17,120.0,170.2,174.2,145.2,3.0,28,71.0
72,Jake Ferguson,DAL,TE,26,17,10,106.0,188.1,193.1,147.1,3.0,10,72.0
73,George Kittle,SFO,TE,32,11,11,105.0,161.5,164.5,133.0,2.0,11,73.0
74,Jauan Jennings,SFO,WR,28,15,15,118.0,173.3,177.3,145.8,1.0,29,74.0
75,Baker Mayfield,TAM,QB,30,17,17,272.0,271.9,291.9,282.9,,12,75.0
76,Jaxson Dart,NYG,QB,22,14,12,242.0,241.6,254.6,246.6,,13,76.0
77,Jordan Love,GNB,QB,27,15,15,235.0,235.1,249.1,241.1,,15,77.0
78,Sam Darnold,SEA,QB,28,17,17,235.0,235.4,258.4,249.4,,14,78.0
79,Jacoby Brissett,ARI,QB,33,14,12,227.0,227.4,245.4,235.4,,16,
80,Daniel Jones,IND,QB,28,13,13,226.0,226.4,243.4,234.4,,17,
81,Aaron Rodgers,PIT,QB,42,16,16,226.0,227.1,238.1,233.6,,18,
82,Bryce Young,CAR,QB,24,16,16,218.0,218.0,239.0,229.0,,19,
83,Lamar Jackson,BAL,QB,28,13,13,215.0,214.9,230.9,221.9,,20,
84,C.J. Stroud,HOU,QB,24,14,14,209.0,208.5,222.5,216.5,,21,
85,Cam Ward,TEN,QB,23,17,17,187.0,186.7,206.7,193.7,,22,
86,Brock Purdy,SFO,QB,26,9,9,177.0,177.4,195.4,187.4,,23,
87,Geno Smith,LVR,QB,35,15,15,174.0,173.9,197.9,190.9,,24,
88,Tua Tagovailoa,MIA,QB,27,14,14,161.0,160.7,179.7,175.7,,25,
89,Tyler Shough,NOR,QB,26,11,9,158.0,158.0,172.0,164.0,,26,
90,Kenneth Gainwell,PIT,RB,26,17,2,148.0,221.3,228.3,184.8,,24,
91,Joe Flacco,2TM,QB,40,13,10,147.0,146.7,162.7,156.7,,27,
92,Rhamondre Stevenson,NWE,RB,27,14,13,147.0,178.8,187.8,162.8,,25,
93,Quinshon Judkins,CLE,RB,22,14,14,144.0,169.8,175.8,156.8,,26,
94,Justin Fields,NYJ,QB,26,9,9,143.0,142.7,152.7,143.7,,28,
95,David Montgomery,DET,RB,28,17,0,143.0,166.9,173.9,154.9,,27,
96,Joe Burrow,CIN,QB,29,8,8,134.0,134.5,142.5,139.5,,29,
97,Jacory Croskey-Merritt,WAS,RB,24,17,7,131.0,140.3,145.3,135.8,,28,
98,Mac Jones,SFO,QB,27,11,8,130.0,130.0,141.0,136.0,,30,
99,Kyle Monangai,CHI,RB,23,17,1,129.0,146.7,152.7,137.7,,29,
100,Kareem Hunt,KAN,RB,30,17,4,127.0,145.4,152.4,136.4,,30,
101,Woody Marks,HOU,RB,25,16,8,127.0,151.1,157.1,139.1,,31,
102,Marcus Mariota,WAS,QB,32,11,8,126.0,125.5,141.5,132.5,,31,
103,J.J. McCarthy,MIN,QB,22,10,10,125.0,125.4,145.4,137.4,,32,
104,Tyrone Tracy Jr.,NYG,RB,26,15,11,125.0,160.8,167.8,142.8,,32,
105,Michael Penix,ATL,QB,25,9,9,120.0,120.3,128.3,123.3,,33,
106,Justin Jefferson,MIN,WR,26,17,17,118.0,201.5,204.5,159.5,,30,
107,Deebo Samuel,WAS,WR,29,16,12,116.0,188.2,191.2,152.2,,31,
108,Jordan Mason,MIN,RB,26,16,5,115.0,128.9,132.9,121.9,,33,
109,Ladd McConkey,LAC,WR,24,16,12,115.0,180.9,183.9,147.9,,32,
110,Blake Corum,LAR,RB,25,17,0,114.0,122.2,125.2,118.2,,34,
111,Jayden Daniels,WAS,QB,25,7,7,114.0,114.3,125.3,117.3,,34,
112,Troy Franklin,DEN,WR,22,17,7,112.0,177.1,181.1,144.6,,33,
113,Romeo Doubs,GNB,WR,25,16,15,110.0,165.4,168.4,137.9,,34,
114,Tyler Allgeier,ATL,RB,25,17,2,109.0,123.0,126.0,116.0,,35,
115,Bucky Irving,TAM,RB,23,10,9,109.0,138.5,145.5,123.5,,36,
116,J.K. Dobbins,DEN,RB,27,10,9,105.0,115.9,118.9,110.4,,37,
117,Tre Tucker,LVR,WR,24,17,17,105.0,161.7,164.7,133.2,,35,
118,Kirk Cousins,ATL,QB,37,10,8,104.0,103.5,112.5,108.5,,35,
119,Omarion Hampton,LAC,RB,22,9,6,104.0,135.7,141.7,119.7,,38,
120,Cam Skattebo,NYG,RB,23,8,5,104.0,127.7,134.7,115.7,,39,
121,Juwan Johnson,NOR,TE,29,17,10,103.0,179.9,184.9,141.4,,12,
122,Rachaad White,TAM,RB,26,17,8,103.0,143.0,149.0,123.0,,40,
123,Keenan Allen,LAC,WR,33,17,3,102.0,182.7,185.7,142.2,,37,
124,Rome Odunze,CHI,WR,23,12,12,102.0,146.1,149.1,124.1,,36,
125,Kimani Vidal,LAC,RB,24,13,10,102.0,117.9,123.9,109.9,,41,
126,Jakobi Meyers,2TM,WR,29,16,13,101.0,175.8,179.8,138.3,,38,
127,Spencer Rattler,NOR,QB,25,9,8,98.0,99.1,112.1,103.6,,36,
128,Rashid Shaheed,2TM,WR,27,18,13,98.0,156.6,160.6,127.1,,39,
129,Rashee Rice,KAN,WR,25,8,8,97.0,150.1,153.1,123.6,,41,
130,Christian Watson,GNB,WR,26,10,10,97.0,132.4,135.4,114.9,,40,
131,Dalton Schultz,HOU,TE,29,17,6,96.0,177.7,180.7,136.7,,13,
132,AJ Barner,SEA,TE,23,17,17,95.0,147.3,150.3,121.3,,14,
133,Chuba Hubbard,CAR,RB,26,15,6,95.0,125.4,132.4,110.4,,42,
134,Khalil Shakir,BUF,WR,25,16,10,94.0,166.4,170.4,130.4,,42,
135,Jordan Addison,MIN,WR,23,14,12,93.0,135.1,138.1,114.1,,43,
136,Kayshon Boutte,NWE,WR,23,14,10,91.0,124.1,127.1,107.6,,44,
137,Aaron Jones,MIN,RB,31,12,12,91.0,118.7,125.7,104.7,,44,
138,Devin Singletary,NYG,RB,28,17,1,91.0,108.8,114.8,99.8,,43,
139,Brian Thomas,JAX,WR,23,14,14,91.0,138.8,141.8,114.8,,45,
140,Marquise Brown,KAN,WR,28,16,6,89.0,137.7,140.7,113.2,,46,
141,Jayden Higgins,HOU,WR,23,17,10,89.0,129.5,132.5,109.0,,47,
142,Chris Rodriguez,WAS,RB,25,13,7,89.0,92.0,95.0,90.5,,45,
143,Marvin Harrison Jr.,ARI,WR,23,12,10,87.0,127.8,130.8,107.3,,48,
144,Dalton Kincaid,BUF,TE,26,12,4,87.0,126.1,129.1,106.6,,15,
145,Colby Parkinson,LAR,TE,26,15,10,87.0,129.8,133.8,108.3,,16,
146,Tucker Kraft,GNB,TE,25,8,8,85.0,117.2,120.2,101.2,,17,
147,Shedeur Sanders,CLE,QB,23,8,7,85.0,84.9,101.9,94.9,,37,
148,Mark Andrews,BAL,TE,30,17,11,83.0,131.0,134.0,107.0,,18,
149,Theo Johnson,NYG,TE,24,15,15,83.0,127.8,130.8,105.3,,19,
150,Sean Tucker,TAM,RB,24,17,0,83.0,91.4,94.4,87.4,,46,
151,Oronde Gadsden II,LAC,TE,22,15,7,82.0,131.4,135.4,106.9,,20,
152,Luther Burden,CHI,WR,22,15,5,81.0,127.9,130.9,104.4,,49,
153,Emanuel Wilson,GNB,RB,26,17,2,80.0,94.5,97.5,87.0,,47,
154,Bhayshul Tuten,JAX,RB,22,15,0,79.0,88.6,92.6,83.6,,48,
155,Chimere Dike,TEN,WR,24,17,10,78.0,126.1,130.1,102.1,,51,
156,Josh Downs,IND,WR,24,16,11,78.0,136.4,140.4,107.4,,50,
157,Kyler Murray,ARI,QB,28,5,5,78.0,77.8,87.8,80.8,,38,
158,Elic Ayomanor,TEN,WR,22,16,14,76.0,116.5,119.5,96.0,,53,
159,Zach Ertz,WAS,TE,35,13,13,76.0,126.4,129.4,101.4,,21,
160,Ty Johnson,BUF,RB,28,17,0,76.0,100.3,106.3,88.3,,49,
161,Terry McLaurin,WAS,WR,30,10,10,76.0,114.2,117.2,95.2,,52,
162,Nick Chubb,HOU,RB,30,15,9,75.0,88.3,91.3,81.8,,50,
163,Ryan Flournoy,DAL,WR,26,16,4,74.0,114.0,117.0,94.0,,54,
164,Pat Freiermuth,PIT,TE,27,17,8,73.0,113.6,116.6,93.1,,22,
165,Jalen Nailor,MIN,WR,26,17,8,72.0,100.7,103.7,86.2,,55,
166,Brenton Strange,JAX,TE,25,12,12,72.0,118.0,121.0,95.0,,23,
167,Jerry Jeudy,CLE,WR,26,17,16,71.0,120.7,124.7,95.7,,56,
168,Zonovan Knight,ARI,RB,24,12,8,71.0,92.9,99.9,81.9,,51,
169,Malik Washington,MIA,WR,24,17,6,71.0,116.7,123.7,93.7,,57,
170,Dillon Gabriel,CLE,QB,25,10,6,70.0,70.1,75.1,72.1,,40,
171,Carson Wentz,MIN,QB,33,5,5,70.0,70.3,78.3,75.3,,39,
172,Cooper Kupp,SEA,WR,32,16,15,69.0,116.3,121.3,93.8,,58,
173,Davis Mills,HOU,QB,27,6,3,69.0,68.6,72.6,69.6,,41,
174,Alvin Kamara,NOR,RB,30,11,11,68.0,100.7,108.7,84.2,,53,
175,Dawson Knox,BUF,TE,29,17,12,68.0,103.7,106.7,85.7,,25,
176,Chig Okonkwo,TEN,TE,26,17,12,68.0,124.0,127.0,96.0,,24,
177,Isiah Pacheco,KAN,RB,26,13,12,68.0,87.3,93.3,77.8,,52,
178,Xavier Worthy,KAN,WR,22,14,13,68.0,109.9,112.9,88.9,,59,
179,Mack Hollins,NWE,WR,32,15,13,67.0,113.4,116.4,90.4,,60,
180,Sam LaPorta,DET,TE,24,9,9,67.0,106.9,109.9,86.9,,26,
181,Tyjae Spears,TEN,RB,24,13,1,67.0,111.7,117.7,89.2,,54,
182,Michael Carter,ARI,RB,26,13,5,66.0,99.0,105.0,82.5,,55,
183,DeMario Douglas,NWE,WR,25,17,0,65.0,95.8,98.8,80.3,,61,
184,Darren Waller,MIA,TE,33,9,3,65.0,88.7,91.7,76.7,,27,
185,Keon Coleman,BUF,WR,22,13,6,64.0,102.4,106.4,83.4,,62,
186,Tez Johnson,TAM,WR,23,16,8,64.0,92.4,95.4,78.4,,63,
187,Garrett Wilson,NYJ,WR,25,7,7,64.0,99.5,102.5,81.5,,64,
188,Xavier Hutchinson,HOU,WR,25,17,6,63.0,98.0,101.0,80.5,,65,
189,Cade Otton,TAM,TE,26,16,16,63.0,122.2,125.2,92.7,,28,
190,T.J. Hockenson,MIN,TE,28,15,15,62.0,112.8,115.8,87.3,,29,
191,Darius Slayton,NYG,WR,28,14,12,62.0,98.8,102.8,80.3,,66,
192,Tyquan Thornton,KAN,WR,25,14,4,62.0,80.8,83.8,71.3,,67,
193,Samaje Perine,CIN,RB,30,15,2,61.0,77.9,82.9,69.4,,56,
194,Isaac TeSlaa,DET,WR,23,17,3,60.0,75.9,78.9,67.9,,68,
195,Tyrod Taylor,NYJ,QB,36,6,4,59.0,59.5,71.5,64.5,,42,
196,Jake Tonges,SFO,TE,26,17,2,59.0,93.3,96.3,76.3,,30,
197,KaVontae Turpin,DAL,WR,29,15,2,59.0,84.5,88.5,71.5,,69,
198,Jalen Coker,CAR,WR,24,11,3,57.0,90.4,94.4,73.9,,70,
199,Andrei Iosivas,CIN,WR,26,17,9,57.0,89.9,92.9,73.4,,71,
200,Marvin Mims,DEN,WR,23,15,4,56.0,93.0,97.0,74.5,,72,
201,Calvin Austin III,PIT,WR,26,14,7,55.0,86.2,89.2,70.7,,73,
202,Kendrick Bourne,SFO,WR,30,16,8,55.0,92.1,95.1,73.6,,74,
203,Mike Evans,TAM,WR,32,8,8,55.0,84.8,87.8,69.8,,76,
204,Adonai Mitchell,2TM,WR,23,16,5,55.0,87.9,91.9,71.4,,75,
205,Brian Robinson Jr.,SFO,RB,26,17,0,55.0,62.5,65.5,58.5,,58,
206,Dylan Sampson,CLE,RB,21,15,2,55.0,87.6,94.6,71.1,,57,
207,Ray Davis,BUF,RB,26,17,0,54.0,64.1,67.1,59.1,,59,
208,Xavier Legette,CAR,WR,24,15,12,54.0,89.3,92.3,71.8,,77,
209,Evan Engram,DEN,TE,31,16,2,53.0,102.8,105.8,77.8,,32,
210,David Njoku,CLE,TE,29,12,11,53.0,86.3,89.3,69.8,,31,
211,Ricky Pearsall,SFO,WR,25,9,9,53.0,88.6,91.6,70.6,,78,
212,Tory Horton,SEA,WR,23,8,3,52.0,65.1,68.1,58.6,,79,
213,Tank Bigsby,2TM,RB,24,17,1,51.0,53.8,56.8,52.3,,60,
214,Malik Willis,GNB,QB,26,4,1,51.0,51.2,58.2,51.2,,43,
215,Isaiah Davis,NYJ,RB,23,16,0,50.0,71.2,77.2,60.7,,61,
216,Chris Godwin,TAM,WR,29,9,6,50.0,83.0,86.0,66.5,,81,
217,Darnell Mooney,ATL,WR,28,15,15,50.0,82.3,85.3,66.3,,80,
218,Russell Wilson,NYG,QB,37,6,3,50.0,49.8,58.8,52.8,,44,
219,Jake Browning,CIN,QB,29,5,3,49.0,48.7,59.7,56.7,,45,
220,Cole Kmet,CHI,TE,26,16,15,49.0,78.7,81.7,63.7,,33,
221,Gunnar Helm,TEN,TE,23,16,10,48.0,91.7,94.7,69.7,,34,
222,Jeremy McNichols,WAS,RB,30,17,1,48.0,72.7,79.7,60.2,,62,
223,Ollie Gordon,MIA,RB,21,17,1,47.0,54.1,57.1,50.6,,63,
224,Jonnu Smith,PIT,TE,30,17,7,47.0,85.2,88.2,66.2,,35,
225,Greg Dortch,ARI,WR,27,12,3,46.0,75.1,78.1,60.6,,82,
226,Tyler Higbee,LAR,TE,32,10,8,46.0,71.1,74.1,58.6,,36,
227,Keaton Mitchell,BAL,RB,23,13,0,46.0,55.4,58.4,50.9,,64,
228,Dontayvion Wicks,GNB,WR,24,14,7,46.0,75.8,78.8,60.8,,83,
229,Olamide Zaccheaus,CHI,WR,28,16,5,46.0,84.8,87.8,65.3,,84,
230,Emari Demercado,ARI,RB,26,13,0,45.0,58.3,65.3,51.8,,65,
231,DeAndre Hopkins,BAL,WR,33,17,3,45.0,67.0,70.0,56.0,,85,
232,Mason Taylor,NYJ,TE,21,13,11,45.0,88.9,91.9,66.9,,37,
233,Pat Bryant,DEN,WR,23,15,7,44.0,74.8,77.8,59.3,,86,
234,Justice Hill,BAL,RB,28,10,0,44.0,65.2,68.2,54.7,,66,
235,Mike Gesicki,CIN,TE,30,13,2,43.0,70.7,73.7,56.7,,38,
236,Devin Neal,NOR,RB,22,10,3,43.0,60.0,66.0,51.5,,68,
237,Kalif Raymond,DET,WR,31,15,3,43.0,66.8,69.8,54.8,,88,
238,Sterling Shepard,TAM,WR,32,13,2,43.0,82.0,86.0,62.5,,87,
239,Jaylen Wright,MIA,RB,22,10,1,43.0,48.2,52.2,45.7,,67,
240,Jaylin Noel,HOU,WR,23,17,3,42.0,68.4,71.4,55.4,,89,
241,Darnell Washington,PIT,TE,24,16,13,42.0,73.4,77.4,57.9,,39,
242,Jameis Winston,NYG,QB,31,3,2,42.0,43.3,49.3,44.8,,46,
243,Daniel Bellinger,NYG,TE,25,16,10,41.0,59.6,62.6,50.1,,42,
244,Noah Fant,CIN,TE,28,15,7,41.0,74.8,80.8,57.8,,41,
245,Terrance Ferguson,LAR,TE,22,14,3,41.0,52.1,55.1,46.6,,40,
246,Matthew Golden,GNB,WR,22,14,5,41.0,70.0,73.0,55.5,,92,
247,Van Jefferson,TEN,WR,29,16,7,41.0,70.0,73.0,55.5,,93,
248,Tyler Lockett,2TM,WR,33,17,2,41.0,73.1,76.1,57.1,,91,
249,JuJu Smith-Schuster,KAN,WR,29,17,12,41.0,73.5,76.5,57.0,,94,
250,Devaughn Vele,NOR,WR,28,13,7,41.0,66.3,69.3,53.8,,90,
251,Tyler Huntley,BAL,QB,27,5,2,40.0,40.1,46.1,40.1,,47,
252,Luke McCaffrey,WAS,WR,24,9,0,40.0,51.3,54.3,45.8,,95,
253,Josh Oliver,MIN,TE,28,15,7,40.0,55.0,58.0,47.5,,43,
254,Davis Allen,LAR,TE,24,17,5,39.0,62.8,65.8,50.8,,44,
255,Malik Davis,DAL,RB,27,10,0,39.0,40.6,43.6,39.6,,69,
256,Tre Harris,LAC,WR,23,17,10,39.0,69.4,72.4,54.4,,96,
257,Michael Mayer,LVR,TE,24,13,12,39.0,73.8,76.8,56.3,,45,
258,John Metchie,2TM,WR,25,16,7,39.0,71.9,74.9,55.4,,100,
259,Malik Nabers,NYG,WR,22,4,4,39.0,57.1,60.1,48.1,,98,
260,Cedric Tillman,CLE,WR,25,13,10,39.0,60.0,63.0,49.5,,99,
261,Kyle Williams,NWE,WR,23,17,0,39.0,49.2,52.2,44.2,,97,
262,Austin Hooper,NWE,TE,31,16,6,38.0,59.3,62.3,48.8,,46,
263,Brashard Smith,KAN,RB,22,17,1,38.0,63.3,69.3,50.8,,70,
264,Isaiah Bond,CLE,WR,21,16,2,37.0,54.7,57.7,45.7,,101,
265,Greg Dulcich,MIA,TE,25,10,3,37.0,62.8,66.8,49.8,,48,
266,Jackson Hawes,BUF,TE,25,17,8,37.0,52.7,55.7,44.7,,49,
267,Tim Patrick,JAX,WR,32,16,3,37.0,51.7,54.7,44.2,,102,
268,Tommy Tremble,CAR,TE,25,17,16,37.0,63.9,66.9,50.4,,47,
269,Rashod Bateman,BAL,WR,26,13,12,36.0,55.4,58.4,45.9,,103,
270,Audric Estime,NOR,RB,22,7,1,36.0,48.1,54.1,42.1,,71,
271,Travis Hunter,JAX,WR,22,7,4,36.0,63.8,66.8,49.8,,105,
272,Demarcus Robinson,SFO,WR,31,14,2,36.0,58.2,61.2,47.2,,104,
273,Isaiah Likely,BAL,TE,25,14,7,35.0,61.7,65.7,48.2,,50,
274,Tyreek Hill,MIA,WR,31,4,4,33.0,53.5,56.5,43.0,,108,
275,Kyle Juszczyk,SFO,FB,34,17,17,33.0,57.0,60.0,45.0,,72,
276,Jaylin Lane,WAS,WR,23,15,4,33.0,49.2,53.2,41.2,,106,
277,Isaiah Williams,NYJ,WR,24,15,2,33.0,58.7,62.7,45.7,,107,
278,Jahan Dotson,PHI,WR,25,17,10,32.0,50.2,53.2,41.2,,109,
279,Quinn Ewers,MIA,QB,22,4,3,32.0,33.2,39.2,35.7,,48,
280,Philip Rivers,IND,QB,44,3,3,32.0,31.7,37.7,34.7,,49,
281,Devontez Walker,BAL,WR,24,12,3,32.0,37.6,40.6,34.6,,110,
282,Taysom Hill,NOR,TE,35,13,5,31.0,41.8,45.8,36.3,,51,
283,Tyrell Shavers,BUF,WR,26,17,9,31.0,45.5,48.5,38.0,,112,
284,David Sills V,ATL,WR,29,17,4,31.0,49.1,52.1,40.1,,111,
285,Mitchell Trubisky,BUF,QB,31,4,0,31.0,31.1,34.1,31.1,,50,
286,Dyami Brown,JAX,WR,26,14,6,30.0,49.7,53.7,39.7,,117,
287,Christian Kirk,HOU,WR,29,13,3,30.0,57.9,60.9,43.9,,116,
288,Josh Palmer,BUF,WR,26,12,8,30.0,52.3,55.3,41.3,,113,
289,Jayden Reed,GNB,WR,25,7,3,30.0,48.5,51.5,39.0,,118,
290,Calvin Ridley,TEN,WR,31,7,6,30.0,47.3,50.3,38.8,,114,
291,Xavier Smith,LAR,WR,28,16,3,30.0,48.3,51.3,39.3,,115,
292,Mitchell Evans,CAR,TE,22,17,10,29.0,48.2,51.2,38.7,,52,
293,Tanner Hudson,CIN,TE,31,15,1,29.0,47.8,50.8,38.3,,53,
294,Riley Leonard,IND,QB,23,5,1,29.0,29.0,37.0,32.0,,51,
295,Brandin Cooks,2TM,WR,32,15,5,28.0,51.9,54.9,39.9,,120,
296,Brady Cook,NYJ,QB,24,5,4,28.0,28.5,39.5,35.5,,52,
297,Elijah Higgins,ARI,TE,25,17,10,28.0,58.1,62.1,43.1,,54,
298,Kendre Miller,NOR,RB,23,7,0,28.0,33.3,36.3,30.8,,73,
299,Chris Moore,WAS,WR,32,14,5,28.0,38.6,41.6,33.1,,121,
300,Jalen Tolbert,DAL,WR,26,13,8,28.0,46.3,49.3,37.3,,119,
301,Jaleel McLaughlin,DEN,RB,25,8,1,27.0,31.4,34.4,29.4,,74,
302,Roman Wilson,PIT,WR,24,13,4,27.0,38.6,42.6,32.6,,122,
303,Tyler Johnson,NYJ,WR,27,12,5,26.0,37.7,40.7,31.7,,123,
304,Charlie Kolar,BAL,TE,26,17,7,26.0,36.2,39.2,31.2,,55,
305,Adam Trautman,DEN,TE,28,17,12,26.0,45.5,48.5,35.5,,56,
306,Tutu Atwell,LAR,WR,26,10,4,25.0,31.2,34.2,28.2,,124,
307,James Conner,ARI,RB,30,3,3,25.0,33.3,33.3,29.3,,75,
308,Luke Musgrave,GNB,TE,25,17,10,25.0,49.2,52.2,37.2,,57,
309,Ja'Tavion Sanders,CAR,TE,22,13,5,25.0,54.0,57.0,39.5,,58,
310,Zavier Scott,MIN,RB,26,16,0,25.0,39.2,43.2,32.2,,76,
311,Connor Heyward,PIT,TE,26,17,2,24.0,27.4,27.4,25.9,,59,
312,Josh Johnson,WAS,QB,39,5,2,24.0,24.4,30.4,26.4,,53,
313,Hunter Luepke,DAL,RB,25,17,5,24.0,37.0,40.0,30.5,,77,
314,Gunner Olszewski,NYG,WR,29,16,1,24.0,33.8,37.8,28.8,,125,
315,Jeremy Ruckert,NYJ,TE,25,17,15,24.0,46.9,49.9,35.4,,60,
316,Mitchell Tinsley,CIN,WR,26,17,4,24.0,31.6,34.6,27.6,,126,
317,Jawhar Jordan,HOU,RB,26,4,0,23.0,29.7,32.7,26.2,,78,
318,Jaret Patterson,LAC,RB,26,6,1,23.0,25.7,28.7,24.2,,79,
319,Brock Wright,DET,TE,27,11,8,23.0,36.8,39.8,29.8,,61,
320,Elijah Arroyo,SEA,TE,22,13,4,22.0,36.9,40.9,29.4,,62,
321,Jack Bech,LVR,WR,23,16,5,22.0,42.4,45.4,32.4,,127,
322,Trey Benson,ARI,RB,23,4,1,22.0,35.4,38.4,28.9,,80,
323,Lil'Jordan Humphrey,2TM,WR,27,10,4,22.0,34.6,37.6,28.1,,128,
324,Malachi Corley,CLE,WR,23,13,5,21.0,31.6,34.6,26.1,,131,
325,Antonio Gibson,NWE,RB,27,5,0,21.0,23.2,27.2,22.2,,81,
326,Hunter Long,JAX,TE,27,9,3,21.0,32.5,32.5,26.5,,63,
327,Hunter Renfrow,CAR,WR,30,6,2,21.0,35.9,35.9,28.4,,129,
328,Adam Thielen,2TM,WR,35,16,7,21.0,39.6,42.6,30.1,,132,
329,Jahdae Walker,CHI,WR,23,9,1,21.0,26.7,26.7,23.7,,130,
330,Ameer Abdullah,IND,RB,32,13,0,20.0,35.9,36.9,27.9,,82,
331,Kevin Austin,NOR,WR,25,8,1,20.0,33.0,36.0,26.5,,133,
332,Chris Brooks,GNB,RB,25,17,0,20.0,32.7,35.7,26.2,,83,
333,Elijah Moore,BUF,WR,25,9,2,20.0,28.6,31.6,24.1,,135,
334,Elijah Moore,DEN,WR,25,0,0,20.0,,,,,135,
335,Theo Wease,MIA,WR,24,3,0,20.0,25.9,28.9,22.9,,134,
336,Jaydon Blue,DAL,RB,21,5,0,19.0,20.4,23.4,19.9,,84,
337,Treylon Burks,WAS,WR,25,8,3,19.0,29.0,32.0,24.0,,136,
338,Gabe Davis,BUF,WR,26,6,5,19.0,30.9,33.9,24.9,,137,
339,Luke Farrell,SFO,TE,28,17,4,19.0,29.5,30.5,24.0,,64,
340,Miles Sanders,DAL,RB,28,4,0,19.0,26.7,30.7,22.7,,85,
341,Mo Alie-Cox,IND,TE,32,17,6,18.0,30.7,33.7,24.2,,66,
342,Jerome Ford,CLE,RB,26,13,0,18.0,43.6,46.6,30.6,,86,
343,Noah Gray,KAN,TE,26,16,6,18.0,38.8,41.8,28.3,,65,
344,Isaiah Hodgins,NYG,WR,27,7,5,18.0,27.5,30.5,22.5,,143,
345,Jimmy Horn,CAR,WR,23,13,0,18.0,28.7,31.7,23.2,,142,
346,Zay Jones,ARI,WR,30,8,0,18.0,30.3,33.3,24.3,,138,
347,Jalen McMillan,TAM,WR,24,4,2,18.0,29.9,32.9,23.9,,141,
348,Marquez Valdes-Scantling,2TM,WR,31,10,1,18.0,32.0,35.0,25.0,,140,
349,Jordan Whittington,LAR,WR,25,17,6,18.0,36.3,39.3,27.3,,139,
350,Andrew Beck,NYJ,FB,29,17,2,17.0,23.0,23.0,20.0,,89,
351,Raheem Mostert,LVR,RB,33,12,0,17.0,29.4,32.4,23.4,,87,
352,Drew Sample,CIN,TE,29,17,12,17.0,31.9,34.9,24.4,,68,
353,Raheim Sanders,CLE,RB,23,4,1,17.0,20.3,20.3,18.8,,88,
354,Ben Sinnott,WAS,TE,23,16,3,17.0,28.4,31.4,22.9,,67,
355,Tyler Badie,DEN,RB,25,16,0,16.0,35.4,38.4,25.9,,90,
356,John Bates,WAS,TE,28,15,11,16.0,27.3,30.3,21.8,,69,
357,Julian Hill,MIA,TE,25,14,11,16.0,31.0,34.0,23.5,,70,
358,Brycen Tremayne,CAR,WR,26,16,1,16.0,30.0,33.0,23.0,,144,
359,Savion Williams,GNB,WR,24,12,0,16.0,25.5,26.5,20.5,,145,
360,Rasheen Ali,BAL,RB,24,15,0,15.0,24.2,24.2,19.7,,91,
361,LeQuint Allen,JAX,RB,21,17,1,15.0,24.8,24.8,19.8,,92,
362,Ashton Dulin,IND,WR,28,12,2,15.0,20.0,23.0,17.5,,147,
363,Konata Mumpfield,LAR,WR,23,17,0,15.0,25.2,25.2,20.2,,146,
364,Mason Rudolph,PIT,QB,30,5,1,15.0,15.0,21.0,17.0,,54,
365,Brevyn Spann-Ford,DAL,TE,26,17,5,15.0,24.0,24.0,19.5,,71,
366,Cody White,SEA,WR,27,10,0,15.0,18.0,18.0,16.5,,148,
367,Grant Calcaterra,PHI,TE,27,15,6,14.0,22.6,22.6,18.1,,72,
368,Efton Chism,NWE,WR,24,8,1,14.0,16.5,16.5,15.0,,151,
369,C.J. Ham,MIN,FB,32,11,1,14.0,15.6,15.6,14.6,,95,
370,Terrell Jennings,NWE,RB,24,7,0,14.0,15.2,15.2,14.7,,93,
371,Kameron Johnson,TAM,WR,23,17,0,14.0,17.7,17.7,15.7,,150,
372,Trey Lance,LAC,QB,25,4,1,14.0,13.5,15.5,14.5,,56,
373,Tanner McKee,PHI,QB,25,4,1,14.0,13.8,14.8,14.8,,55,
374,Dare Ogunbowale,HOU,RB,31,17,0,14.0,24.1,25.1,19.1,,94,
375,Curtis Samuel,BUF,WR,29,6,0,14.0,21.1,21.1,17.6,,149,
376,Dont'e Thornton,LVR,WR,23,15,8,14.0,23.5,26.5,18.5,,152,
377,Braelon Allen,NYJ,RB,21,4,0,13.0,15.3,16.3,14.3,,96,
378,John FitzPatrick,GNB,TE,25,15,4,13.0,25.2,25.2,19.2,,73,
379,George Holani,SEA,RB,26,11,0,13.0,14.8,15.8,13.8,,97,
380,Allen Lazard,NYJ,WR,30,10,2,13.0,23.0,23.0,18.0,,153,
381,Luke Schoonmaker,DAL,TE,27,17,7,13.0,27.2,30.2,20.2,,74,
382,Ben Skowronek,PIT,WR,28,17,3,13.0,16.9,16.9,14.9,,154,
383,Shedrick Jackson,LVR,WR,26,5,0,12.0,15.9,15.9,13.9,,156,
384,Quintin Morris,JAX,TE,26,14,5,12.0,17.5,17.5,14.5,,75,
385,Josh Reynolds,NYJ,WR,30,5,3,12.0,23.1,26.1,17.6,,155,
386,Nate Adkins,DEN,TE,26,9,6,11.0,16.8,16.8,13.8,,78,
387,KeAndre Lambert-Smith,LAC,WR,24,10,2,11.0,16.1,16.1,13.6,,157,
388,Johnny Mundt,JAX,TE,31,16,6,11.0,20.1,23.1,15.6,,77,
389,Kene Nwangwu,NYJ,RB,27,12,1,11.0,10.9,10.9,10.9,,98,
390,Chris Oladokun,KAN,QB,28,3,2,11.0,11.2,13.2,11.2,,57,
391,Dante Pettis,NOR,WR,30,8,0,11.0,19.7,23.7,15.2,,158,
392,Jack Stoll,NOR,TE,27,15,4,11.0,16.6,16.6,13.6,,79,
393,Ian Thomas,LVR,TE,29,15,10,11.0,24.4,27.4,17.9,,76,
394,Jamari Thrash,CLE,WR,25,9,1,11.0,20.7,23.7,15.7,,159,
395,Tylan Wallace,BAL,WR,26,14,2,11.0,14.5,14.5,12.5,,160,
396,Brittain Brown,CHI,RB,28,3,0,10.0,9.7,9.7,9.7,,99,
397,Tyler Conklin,LAC,TE,30,13,5,10.0,17.3,20.3,13.8,,80,
398,Andy Dalton,CAR,QB,38,4,1,10.0,9.5,12.5,10.5,,59,
399,Will Dissly,LAC,TE,29,9,2,10.0,20.7,20.7,15.2,,81,
400,DJ Giddens,IND,RB,22,9,0,10.0,9.6,9.6,9.6,,101,
401,Joe Milton,DAL,QB,25,4,0,10.0,10.3,13.3,12.3,,58,
402,Skyy Moore,SFO,WR,25,17,0,10.0,14.8,14.8,12.3,,161,
403,Adam Prentice,DEN,FB,28,17,3,10.0,15.7,15.7,12.7,,100,
404,Josh Whyle,GNB,TE,26,8,1,10.0,14.6,14.6,12.1,,82,
405,Michael Bandy,DEN,WR,28,4,0,9.0,13.0,14.0,11.0,,166,
406,Tanner Conner,MIA,TE,27,9,0,9.0,18.1,18.1,13.6,,83,
407,Darius Cooper,PHI,WR,24,13,0,9.0,18.2,18.2,13.7,,165,
408,Trevor Etienne,CAR,RB,21,17,0,9.0,11.7,12.7,10.2,,104,
409,Najee Harris,LAC,RB,27,3,0,9.0,11.6,11.6,10.1,,105,
410,Malik Heath,GNB,WR,25,11,0,9.0,14.6,14.6,11.6,,168,
411,Phil Mafah,DAL,RB,23,1,0,9.0,10.9,10.9,9.9,,103,
412,David Martin-Robinson,TEN,TE,26,17,4,9.0,13.0,13.0,11.0,,84,
413,Ryan Miller,TAM,WR,25,13,3,9.0,11.4,11.4,10.4,,162,
414,Andrew Ogletree,IND,TE,27,15,5,9.0,12.7,12.7,10.7,,85,
415,Will Shipley,PHI,RB,23,15,0,9.0,17.5,18.5,13.0,,106,
416,Mason Tipton,NOR,WR,25,14,3,9.0,20.4,20.4,14.9,,163,
417,Casey Washington,ATL,WR,24,7,2,9.0,15.4,15.4,12.4,,164,
418,Nick Westbrook-Ikhine,MIA,WR,28,15,3,9.0,19.9,19.9,14.4,,167,
419,Trayveon Williams,2TM,RB,28,7,0,9.0,17.1,17.1,13.1,,102,
420,Ronnie Bell,NOR,WR,25,2,0,8.0,10.3,10.3,9.3,,169,
421,British Brooks,HOU,RB,26,15,2,8.0,7.8,7.8,7.8,,108,
422,Noah Brown,WAS,WR,29,4,4,8.0,13.3,13.3,10.8,,170,
423,Josiah Deguara,ARI,TE,28,12,2,8.0,11.1,11.1,9.6,,86,
424,Austin Ekeler,WAS,RB,30,2,2,8.0,13.1,13.1,10.6,,107,
425,Kaleb Johnson,PIT,RB,22,10,0,8.0,8.8,8.8,8.3,,109,
426,Kenny Pickett,LVR,QB,27,6,2,8.0,7.7,10.7,9.7,,60,
427,Cade Stover,HOU,TE,25,9,7,8.0,19.9,19.9,13.9,,87,
428,Cam Akers,2TM,RB,26,6,0,7.0,7.2,7.2,7.2,,111,
429,Devin Culp,TAM,TE,25,13,0,7.0,7.6,7.6,7.1,,88,
430,Corey Kiner,ARI,RB,23,4,0,7.0,9.3,9.3,8.3,,110,
431,Ray-Ray McCloud,2TM,WR,29,6,2,7.0,13.9,13.9,10.4,,171,
432,James Proche,TEN,WR,29,9,2,7.0,12.5,12.5,9.5,,173,
433,Arian Smith,NYJ,WR,24,16,5,7.0,13.5,13.5,10.0,,174,
434,Xavier Weaver,ARI,WR,25,10,2,7.0,13.7,13.7,10.2,,172,
435,Ty Chandler,MIN,RB,27,3,0,6.0,8.8,8.8,7.3,,115,
436,AJ Dillon,PHI,RB,27,7,0,6.0,9.1,10.1,7.6,,112,
437,Hassan Haskins,LAC,RB,26,12,0,6.0,10.0,10.0,8.0,,114,
438,Khalil Herbert,NYJ,RB,27,7,0,6.0,6.6,6.6,6.1,,116,
439,Alec Ingold,MIA,FB,29,17,10,6.0,14.1,14.1,10.1,,113,
440,Charlie Jones,CIN,WR,27,14,0,6.0,6.0,6.0,6.0,,176,
441,Scotty Miller,PIT,WR,28,13,0,6.0,15.2,15.2,10.7,,175,
442,Foster Moreau,NOR,TE,28,11,9,6.0,12.9,12.9,9.4,,89,
443,Zamir White,LVR,RB,26,6,0,6.0,9.6,9.6,7.6,,117,
444,Robbie Chosen,WAS,WR,32,3,0,5.0,10.3,10.3,7.8,,178,
445,Brenden Bates,2TM,TE,26,9,3,5.0,8.8,8.8,6.8,,93,
446,Tahj Brooks,CIN,RB,23,16,0,5.0,6.4,6.4,5.9,,118,
447,Anthony Firkser,DET,TE,30,7,4,5.0,13.3,13.3,9.3,,90,
448,Evan Hull,NOR,RB,25,6,0,5.0,6.4,6.4,5.9,,119,
449,Mason Kinsey,TEN,WR,27,10,0,5.0,6.8,6.8,5.8,,179,
450,Gage Larvadain,CLE,WR,23,13,0,5.0,12.4,13.4,8.9,,177,
451,Aidan O'Connell,LVR,QB,27,1,0,5.0,4.8,4.8,4.8,,61,
452,Ronnie Rivers,LAR,RB,26,11,0,5.0,4.6,4.6,4.6,,120,
453,Eric Saubert,SEA,TE,31,11,5,5.0,9.1,9.1,7.1,,92,
454,Stone Smartt,NYJ,TE,27,15,1,5.0,12.2,12.2,8.7,,91,
455,Austin Trammell,JAX,WR,27,6,0,5.0,7.6,7.6,6.1,,181,
456,Charlie Woerner,ATL,TE,28,17,13,5.0,12.8,12.8,8.8,,94,
457,Dareke Young,SEA,WR,26,9,0,5.0,6.8,6.8,5.8,,180,
458,Braxton Berrios,HOU,WR,30,4,0,4.0,9.7,9.7,6.7,,186,
459,Max Brosmer,MIN,QB,24,7,2,4.0,4.2,12.2,8.2,,62,
460,Shane Buechele,KAN,QB,27,1,0,4.0,3.9,3.9,3.9,,63,
461,Nathan Carter,ATL,RB,23,7,0,4.0,4.0,5.0,4.0,,121,
462,Julius Chestnut,TEN,RB,25,17,0,4.0,4.0,4.0,4.0,,122,
463,Dylan Drummond,ATL,WR,25,9,0,4.0,11.2,11.2,7.7,,183,
464,D'Wayne Eskridge,MIA,WR,28,13,0,4.0,8.2,9.2,6.2,,184,
465,Kylen Granson,PHI,TE,27,17,3,4.0,11.0,11.0,7.5,,95,
466,Jalin Hyatt,NYG,WR,24,8,0,4.0,8.5,8.5,6.0,,188,
467,Tom Kennedy,DET,WR,29,6,0,4.0,7.6,7.6,5.6,,187,
468,Keleki Latu,BUF,TE,23,5,0,4.0,7.5,7.5,5.5,,97,
469,Albert Okwuegbunam,LVR,TE,27,1,0,4.0,8.6,8.6,6.1,,96,
470,Dameon Pierce,2TM,RB,25,5,0,4.0,3.6,3.6,3.6,,123,
471,Xavier Restrepo,TEN,WR,23,2,0,4.0,7.1,7.1,5.6,,185,
472,Cedrick Wilson Jr.,MIA,WR,30,10,5,4.0,9.4,9.4,6.9,,182,
473,Tyson Bagent,CHI,QB,25,3,0,3.0,2.6,2.6,2.6,,65,
474,Teddy Bridgewater,TAM,QB,33,4,0,3.0,2.9,2.9,2.9,,64,
475,Jalen Brooks,2TM,WR,25,6,0,3.0,6.1,7.1,4.6,,192,
476,Beaux Collins,NYG,WR,23,9,0,3.0,4.5,4.5,3.5,,197,
477,Devin Duvernay,CHI,WR,28,17,0,3.0,4.6,4.6,3.6,,195,
478,Tai Felton,MIN,WR,22,17,0,3.0,5.5,5.5,4.0,,198,
479,Reggie Gilliam,BUF,FB,28,17,2,3.0,4.8,4.8,3.8,,125,
480,Tyler Goodson,IND,RB,25,11,0,3.0,5.2,5.2,4.2,,124,
481,KhaDarel Hodge,ATL,WR,30,12,1,3.0,6.1,6.1,4.6,,193,
482,D'Ernest Johnson,2TM,RB,29,8,0,3.0,2.5,2.5,2.5,,126,
483,Jacoby Jones,WAS,WR,24,1,0,3.0,3.5,3.5,3.0,,199,
484,Velus Jones Jr.,2TM,WR,28,8,0,3.0,3.2,3.2,3.2,,189,
485,Jonathan Mingo,DAL,WR,24,6,0,3.0,3.5,3.5,3.0,,200,
486,James Mitchell,CAR,TE,26,5,0,3.0,5.8,5.8,4.3,,99,
487,Nikko Remigio,KAN,WR,26,14,0,3.0,4.2,4.2,3.7,,190,
488,Ben Sims,2TM,TE,25,11,2,3.0,6.0,6.0,4.5,,98,
489,Durham Smythe,CHI,TE,30,17,2,3.0,6.5,6.5,4.5,,100,
490,Deven Thompkins,ATL,WR,26,7,0,3.0,6.2,6.2,4.7,,191,
491,Jordan Watkins,SFO,WR,23,4,0,3.0,4.6,4.6,3.6,,196,
492,Justin Watson,HOU,WR,29,3,0,3.0,6.0,6.0,4.5,,194,
493,Jake Bobo,SEA,WR,27,11,0,2.0,4.0,4.0,3.0,,203,
494,Britain Covey,PHI,WR,28,6,0,2.0,4.0,4.0,3.0,,204,
495,DeeJay Dallas,2TM,RB,27,6,0,2.0,2.1,2.1,2.1,,128,
496,Joshua Dobbs,NWE,QB,30,4,0,2.0,2.1,2.1,2.1,,66,
497,Clyde Edwards-Helaire,KAN,RB,26,2,0,2.0,4.2,4.2,3.2,,127,
498,Tucker Fisk,LAC,TE,26,10,7,2.0,3.9,3.9,2.9,,103,
499,Roschon Johnson,CHI,RB,24,7,0,2.0,1.7,1.7,1.7,,130,
500,Tim Jones,2TM,WR,27,4,0,2.0,2.5,2.5,2.0,,208,
501,Jakobie Keeney-James,GNB,WR,25,1,1,2.0,3.5,3.5,2.5,,209,
502,Lucas Krull,DEN,TE,27,3,3,2.0,3.5,3.5,2.5,,108,
503,Will Mallory,IND,TE,26,2,0,2.0,2.6,2.6,2.1,,107,
504,Tay Martin,WAS,WR,28,3,0,2.0,4.3,4.3,3.3,,201,
505,Zaire Mitchell-Paden,2TM,TE,26,8,1,2.0,3.7,3.7,2.7,,106,
506,David Moore,CAR,WR,30,4,2,2.0,2.7,2.7,2.2,,206,
507,Tip Reiman,ARI,TE,24,4,3,2.0,4.8,4.8,3.3,,104,
508,Cooper Rush,BAL,QB,32,4,2,2.0,1.7,9.7,5.7,,68,
509,Trent Sherfield,2TM,WR,29,12,3,2.0,5.1,5.1,3.6,,202,
510,Clayton Tune,GNB,QB,26,2,1,2.0,2.0,3.0,3.0,,67,
511,Tahj Washington,MIA,WR,24,6,1,2.0,4.7,5.7,3.2,,207,
512,Jared Wayne,HOU,WR,25,1,1,2.0,4.0,4.0,3.0,,205,
513,Jelani Woods,NYJ,TE,27,4,1,2.0,3.4,3.4,2.9,,101,
514,Jacardia Wright,SEA,RB,25,1,0,2.0,2.0,2.0,2.0,,129,
515,Colson Yankoff,WAS,TE,25,14,0,2.0,3.8,3.8,2.8,,105,
516,Shane Zylstra,DET,TE,29,6,3,2.0,5.0,5.0,3.5,,102,
517,Brandon Allen,TEN,QB,33,1,0,1.0,0.9,1.9,1.9,,71,
518,Andre Baccellia,ARI,WR,28,5,2,1.0,2.8,2.8,1.8,,212,
519,Alex Bachman,LVR,WR,29,13,0,1.0,3.2,3.2,2.2,,210,
520,Harrison Bryant,HOU,TE,27,12,4,1.0,2.7,2.7,1.7,,113,
521,Sal Cannella,CLE,TE,29,2,0,1.0,3.1,3.1,2.1,,110,
522,Payne Durham,TAM,TE,25,17,10,1.0,2.1,2.1,1.6,,111,
523,Ross Dwelley,DET,TE,30,11,1,1.0,2.7,2.7,1.7,,114,
524,Myles Gaskin,SEA,RB,28,1,0,1.0,0.6,0.6,0.6,,137,
525,Anthony Gould,IND,WR,24,11,1,1.0,2.6,2.6,1.6,,214,
526,Cam Grandy,CIN,TE,25,5,1,1.0,2.7,2.7,1.7,,115,
527,Amar Johnson,LAC,RB,22,2,0,1.0,0.8,0.8,0.8,,134,
528,Dylan Laube,LVR,RB,26,17,0,1.0,3.7,4.7,2.2,,135,
529,Chris Manhertz,NYG,TE,33,17,3,1.0,1.7,1.7,1.2,,116,
530,Moliki Matavao,NOR,TE,22,6,2,1.0,3.0,3.0,2.0,,112,
531,Kalel Mullings,TEN,RB,23,9,0,1.0,0.7,0.7,0.7,,136,
532,Bryce Oliver,TEN,WR,25,3,0,1.0,1.8,1.8,1.3,,213,
533,Patrick Ricard,BAL,FB,31,11,5,1.0,2.1,2.1,1.6,,131,
534,Anthony Richardson,IND,QB,23,2,0,1.0,2.2,2.2,1.7,,70,
535,Jacob Saylors,DET,RB,24,16,0,1.0,1.1,1.1,1.1,,132,
536,Quentin Skinner,NYJ,WR,24,1,0,1.0,2.0,2.0,1.5,,211,
537,Josh Williams,TAM,RB,25,3,0,1.0,1.1,1.1,1.1,,133,
538,Zach Wilson,MIA,QB,26,4,0,1.0,1.4,1.4,1.4,,69,
539,Owen Wright,TAM,RB,26,3,0,1.0,0.6,0.6,0.6,,138,
540,Ben Yurosek,MIN,TE,23,12,1,1.0,3.4,3.4,2.4,,109,
541,Maurice Alexander,CHI,WR,28,1,0,,,,,,218,
542,Kyle Allen,DET,QB,29,3,0,,-0.3,-0.3,-0.3,,78,
543,Ulysses Bentley,IND,RB,25,1,0,,,,,,142,
544,Chris Blair,ATL,WR,28,3,0,,,,,,219,
545,Gary Brightwell,CIN,RB,26,2,0,,,,,,143,
546,Ja'Corey Brooks,WAS,WR,24,1,0,,,,,,220,
547,Jason Brownlee,KAN,WR,26,6,0,,,,,,221,
548,Pharaoh Brown,ARI,TE,31,7,2,,2.1,2.1,1.1,,122,
549,Lawrence Cager,WAS,TE,28,1,0,,,,,,124,
550,Dalen Cambre,NYG,WR,24,7,0,,,,,,222,
551,Dalevon Campbell,CAR,WR,24,2,0,,,,,,223,
552,Parris Campbell,DAL,WR,28,1,0,,,,,,224,
553,Stephen Carlson,CHI,TE,29,2,0,,,,,,125,
554,DeAndre Carter,CLE,WR,32,4,0,,,,,,225,
555,Dan Chisena,CAR,WR,28,1,0,,,,,,226,
556,River Cracraft,WAS,WR,31,2,0,,,,,,227,
557,Malik Cunningham,DET,WR,27,1,0,,0.1,0.1,0.1,,217,
558,Drake Dabney,GNB,TE,23,2,1,,1.3,1.3,0.8,,120,
559,Kaden Davis,CLE,WR,27,2,0,,,,,,228,
560,Zach Davidson,NYG,TE,27,1,0,,,,,,126,
561,CJ Dippre,NWE,TE,23,2,0,,,,,,127,
562,Chase Edmonds,WAS,RB,29,3,0,,,,,,144,
563,Princeton Fant,DAL,TE,26,1,0,,,,,,128,
564,Simi Fehoko,ARI,WR,28,8,0,,,,,,229,
565,Thomas Fidone,NYG,TE,23,7,0,,,,,,129,
566,Feleipe Franks,ATL,TE,28,17,0,,0.4,0.4,0.4,,117,
567,Russell Gage,SFO,WR,29,1,0,,,,,,230,
568,Eric Gray,NYG,RB,26,4,0,,,,,,145,
569,Isaac Guerendo,SFO,RB,25,14,0,,,,,,146,
570,Nyheim Hines,2TM,RB,29,4,0,,-0.2,-0.2,-0.2,,161,
571,Jimmy Holiday,KAN,WR,24,1,0,,,,,,231,
572,Travis Homer,CHI,RB,27,10,0,,-0.2,-0.2,-0.2,,162,
573,Zach Horton,DET,TE,23,2,0,,,,,,130,
574,Jarquez Hunter,LAR,RB,23,5,0,,,,,,147,
575,Jordan James,SFO,RB,21,3,0,,,,,,148,
576,Jermar Jefferson,ARI,RB,25,2,0,,,,,,149,
577,E.J. Jenkins,PHI,TE,27,2,0,,,,,,131,
578,Jakob Johnson,HOU,FB,31,7,2,,,,,,150,
579,Jeshaun Jones,MIN,WR,26,1,0,,,,,,232,
580,Nikola Kalinic,CHI,TE,28,2,0,,,,,,132,
581,Nick Kallerup,SEA,TE,24,9,0,,,,,,133,
582,Ko Kieft,TAM,TE,27,3,0,,,,,,134,
583,Cameron Latu,PHI,TE,25,15,2,,,,,,135,
584,Marcedes Lewis,DEN,TE,41,5,1,,,,,,136,
585,Drew Lock,SEA,QB,29,5,0,,0.1,0.1,0.1,,72,
586,Dominic Lovett,DET,WR,23,12,0,,,,,,233,
587,Adrian Martinez,SFO,QB,25,1,0,,-0.1,-0.1,-0.1,,76,
588,Sean McKeon,IND,TE,28,1,0,,,,,,137,
589,Jackson Meeks,DET,WR,22,2,0,,,,,,234,
590,Kendall Milton,CIN,RB,23,1,0,,0.2,0.2,0.2,,141,
591,Jordan Mims,TEN,RB,26,1,0,,,,,,151,
592,Gardner Minshew II,KAN,QB,29,4,1,,-0.3,0.7,0.7,,79,
593,Elijah Mitchell,KAN,RB,27,1,0,,,,,,152,
594,Jalen Moreno-Cropper,DAL,WR,24,3,0,,,,,,235,
595,Nick Mullens,JAX,QB,30,5,0,,,,,,74,
596,Lew Nichols,PIT,RB,24,1,0,,,,,,153,
597,Robbie Ouzts,SEA,FB,23,12,2,,,,,,154,
598,Coleman Owen,IND,WR,24,2,0,,,,,,236,
599,Tejhaun Palmer,ARI,WR,25,1,0,,,,,,237,
600,Brennan Presley,LAR,WR,23,1,0,,,,,,238,
601,Teagan Quitoriano,ATL,TE,25,17,1,,,,,,138,
602,Craig Reynolds,DET,RB,29,7,0,,0.4,0.4,0.4,,139,
603,Giovanni Ricci,DET,TE,29,3,1,,,,,,139,
604,JP Richardson,CHI,WR,23,1,0,,,,,,239,
605,Jalen Royals,KAN,WR,22,7,2,,2.4,2.4,1.4,,215,
606,Hayden Rucci,MIA,TE,24,4,0,,,,,,140,
607,Carter Runyon,LVR,TE,24,13,0,,1.3,1.3,0.8,,121,
608,Brady Russell,SEA,FB,27,17,1,,,,,,155,
609,Brett Rypien,CIN,QB,29,1,0,,,,,,73,
610,Cody Schrader,LAR,RB,26,1,0,,,,,,156,
611,Trey Sermon,PIT,RB,26,4,0,,,,,,157,
612,Justin Shorter,LVR,WR,25,7,0,,,,,,240,
613,Steven Sims,ARI,WR,28,3,0,,,,,,241,
614,Kedon Slovis,ARI,QB,24,2,0,,-0.1,-0.1,-0.1,,75,
615,Brandon Smith,NYJ,WR,27,2,0,,,,,,242,
616,Jarrett Stidham,DEN,QB,29,1,0,,-0.1,-0.1,-0.1,,77,
617,Robert Tonyan,KAN,TE,31,17,0,,1.1,1.1,0.6,,123,
618,Samori Toure,NOR,WR,27,1,0,,1.3,1.3,0.8,,216,
619,Laquon Treadwell,IND,WR,30,10,0,,,,,,243,
620,Cole Turner,TEN,TE,25,1,0,,,,,,141,
621,DJ Turner,LVR,WR,28,1,0,,,,,,244,
622,Malik Turner,SFO,WR,29,3,0,,,,,,245,
623,Sione Vaki,DET,RB,24,11,0,,0.4,0.4,0.4,,140,
624,Nick Vannett,2TM,TE,32,10,1,,,,,,142,
625,Travis Vokolek,ARI,TE,27,5,1,,,,,,143,
626,Carlos Washington,ATL,RB,27,1,0,,,,,,158,
627,Treyton Welch,NOR,TE,24,3,1,,,,,,144,
628,Jack Westover,NWE,FB,26,17,2,,1.0,1.0,0.5,,159,
629,Blake Whiteheart,CLE,TE,25,17,4,,2.4,2.4,1.4,,118,
630,Ricky White,SEA,WR,23,2,0,,,,,,246,
631,Jared Wiley,KAN,TE,25,5,0,,1.4,1.4,0.9,,119,
632,Avery Williams,NYJ,WR,27,1,0,,,,,,247,
633,Brayden Willis,SFO,TE,26,6,0,,,,,,145,
634,Jeff Wilson,MIA,RB,30,3,0,,,,,,160,
635,Derius Davis,LAC,WR,25,11,0,-1.0,1.5,2.5,0.5,,248,
636,Jimmy Garoppolo,LAR,QB,34,3,0,-1.0,-1.0,-1.0,-1.0,,80,
637,Ke'Shawn Williams,2TM,WR,24,11,0,-1.0,0.5,1.5,,,249,
638,Jamal Agnew,ATL,WR,30,11,0,-2.0,-2.0,-1.0,-2.0,,250,
639,Mecole Hardman,BUF,WR,27,2,0,-2.0,-2.0,-1.0,-2.0,,251,
640,Jalen Milroe,SEA,QB,23,3,0,-2.0,-1.6,-0.6,-1.6,,81,
641,LaJohntay Wester,BAL,WR,23,17,0,-2.0,-2.0,-1.0,-2.0,,252,
642,Xavier Gipson,3TM,WR,24,7,0,-3.0,-1.4,0.6,-2.4,,253,
643,Myles Price,MIN,WR,24,16,0,-6.0,-6.0,-3.0,-6.0,,254,
