player,position,stats_season,adp_season,comparison_type,ppr_points,games_played,ppr_per_game,saved_consensus_rank,draft_rank_in_group,ppr_rank_in_group,rank_difference
Matthew Stafford,QB,2025,unverified,descriptive_only,350.4,17.0,20.61,171.0,25,3,22
Trevor Lawrence,QB,2025,unverified,descriptive_only,338.2,17.0,19.89,141.0,20,4,16
Jaxson Dart,QB,2025,unverified,descriptive_only,241.6,14.0,17.26,226.0,29,13,16
Drake Maye,QB,2025,unverified,descriptive_only,352.0,17.0,20.71,117.0,16,2,14
Daniel Jones,QB,2025,unverified,descriptive_only,226.4,13.0,17.42,242.0,31,17,14
Sam Darnold,QB,2025,unverified,descriptive_only,235.4,17.0,13.85,178.0,26,14,12
Aaron Rodgers,QB,2025,unverified,descriptive_only,227.1,16.0,14.19,190.0,28,16,12
Tyler Shough,QB,2025,unverified,descriptive_only,158.0,11.0,14.36,299.0,36,25,11
Caleb Williams,QB,2025,unverified,descriptive_only,318.7,17.0,18.75,112.0,14,5,9
Joe Flacco,QB,2025,unverified,descriptive_only,146.7,13.0,11.28,275.0,34,26,8
Kirk Cousins,QB,2025,unverified,descriptive_only,103.5,10.0,10.35,326.0,38,32,6
Justin Herbert,QB,2025,unverified,descriptive_only,286.9,16.0,17.93,115.0,15,10,5
Bryce Young,QB,2025,unverified,descriptive_only,218.0,16.0,13.62,160.0,23,18,5
Dak Prescott,QB,2025,unverified,descriptive_only,313.8,17.0,18.46,92.0,10,6,4
Geno Smith,QB,2025,unverified,descriptive_only,173.9,15.0,11.59,182.0,27,23,4
Spencer Rattler,QB,2025,unverified,descriptive_only,99.1,9.0,11.01,315.0,37,33,4
Jared Goff,QB,2025,unverified,descriptive_only,297.1,17.0,17.48,100.0,12,9,3
Jordan Love,QB,2025,unverified,descriptive_only,235.1,15.0,15.67,126.0,18,15,3
Cam Ward,QB,2025,unverified,descriptive_only,186.7,17.0,10.98,168.0,24,21,3
Bo Nix,QB,2025,unverified,descriptive_only,304.8,17.0,17.93,74.0,8,7,1
Josh Allen,QB,2025,unverified,descriptive_only,364.6,17.0,21.45,23.0,1,1,0
Jalen Milroe,QB,2025,unverified,descriptive_only,-1.6,3.0,-0.53,336.0,39,39,0
Carson Wentz,QB,2025,unverified,descriptive_only,70.3,5.0,14.06,285.0,35,36,-1
Tua Tagovailoa,QB,2025,unverified,descriptive_only,160.7,14.0,11.48,156.0,22,24,-2
C.J. Stroud,QB,2025,unverified,descriptive_only,208.5,14.0,14.89,121.0,17,20,-3
Jalen Hurts,QB,2025,unverified,descriptive_only,299.1,16.0,18.69,38.0,4,8,-4
Shedeur Sanders,QB,2025,unverified,descriptive_only,84.9,8.0,10.61,234.0,30,34,-4
Russell Wilson,QB,2025,unverified,descriptive_only,49.8,6.0,8.3,272.0,33,37,-4
Patrick Mahomes,QB,2025,unverified,descriptive_only,285.7,14.0,20.41,57.0,6,11,-5
Baker Mayfield,QB,2025,unverified,descriptive_only,271.9,17.0,15.99,70.0,7,12,-5
Anthony Richardson,QB,2025,unverified,descriptive_only,2.2,2.0,1.1,269.0,32,38,-6
Michael Penix,QB,2025,unverified,descriptive_only,120.3,9.0,13.37,153.0,21,30,-9
J.J. McCarthy,QB,2025,unverified,descriptive_only,125.4,10.0,12.54,127.0,19,29,-10
Brock Purdy,QB,2025,unverified,descriptive_only,177.4,9.0,19.71,96.0,11,22,-11
Justin Fields,QB,2025,unverified,descriptive_only,142.7,9.0,15.86,101.0,13,27,-14
Lamar Jackson,QB,2025,unverified,descriptive_only,214.9,13.0,16.53,24.0,2,19,-17
Joe Burrow,QB,2025,unverified,descriptive_only,134.5,8.0,16.81,39.0,5,28,-23
Kyler Murray,QB,2025,unverified,descriptive_only,77.8,5.0,15.56,89.0,9,35,-26
Jayden Daniels,QB,2025,unverified,descriptive_only,114.3,7.0,16.33,29.0,3,31,-28
Rico Dowdle,RB,2025,unverified,descriptive_only,216.3,17.0,12.72,176.0,54,17,37
Emanuel Wilson,RB,2025,unverified,descriptive_only,94.5,17.0,5.56,350.0,83,46,37
Devin Singletary,RB,2025,unverified,descriptive_only,108.8,17.0,6.4,338.0,79,43,36
Kyle Monangai,RB,2025,unverified,descriptive_only,146.7,17.0,8.63,220.0,64,29,35
Ty Johnson,RB,2025,unverified,descriptive_only,100.3,17.0,5.9,334.0,78,45,33
Woody Marks,RB,2025,unverified,descriptive_only,151.1,16.0,9.44,197.0,58,28,30
Samaje Perine,RB,2025,unverified,descriptive_only,77.9,15.0,5.19,347.0,82,53,29
Javonte Williams,RB,2025,unverified,descriptive_only,242.8,16.0,15.18,116.0,38,12,26
Kareem Hunt,RB,2025,unverified,descriptive_only,145.4,17.0,8.55,193.0,56,30,26
Blake Corum,RB,2025,unverified,descriptive_only,122.2,17.0,7.19,207.0,62,39,23
Sean Tucker,RB,2025,unverified,descriptive_only,91.4,17.0,5.38,267.0,70,48,22
Kyle Juszczyk,RB,2025,unverified,descriptive_only,57.0,17.0,3.35,345.0,81,59,22
Travis Etienne,RB,2025,unverified,descriptive_only,253.9,17.0,14.94,99.0,31,10,21
Rachaad White,RB,2025,unverified,descriptive_only,143.0,17.0,8.41,147.0,48,31,17
Devin Neal,RB,2025,unverified,descriptive_only,60.0,10.0,6.0,314.0,75,58,17
Rhamondre Stevenson,RB,2025,unverified,descriptive_only,178.8,14.0,12.77,119.0,39,24,15
Chris Rodriguez,RB,2025,unverified,descriptive_only,92.0,13.0,7.08,206.0,61,47,14
Jaylen Warren,RB,2025,unverified,descriptive_only,217.1,16.0,13.57,88.0,29,16,13
Tyler Allgeier,RB,2025,unverified,descriptive_only,123.0,17.0,7.24,162.0,51,38,13
Brashard Smith,RB,2025,unverified,descriptive_only,63.3,17.0,3.72,256.0,68,56,12
Quinshon Judkins,RB,2025,unverified,descriptive_only,169.8,14.0,12.13,113.0,36,25,11
Zach Charbonnet,RB,2025,unverified,descriptive_only,181.4,16.0,11.34,103.0,33,23,10
Justice Hill,RB,2025,unverified,descriptive_only,65.2,10.0,6.52,213.0,63,54,9
James Cook,RB,2025,unverified,descriptive_only,302.2,17.0,17.78,30.0,13,6,7
Tyjae Spears,RB,2025,unverified,descriptive_only,111.7,13.0,8.59,152.0,49,42,7
D'Andre Swift,RB,2025,unverified,descriptive_only,228.6,16.0,14.29,61.0,21,15,6
Jonathan Taylor,RB,2025,unverified,descriptive_only,362.3,17.0,21.31,20.0,9,4,5
Jacory Croskey-Merritt,RB,2025,unverified,descriptive_only,140.3,17.0,8.25,114.0,37,32,5
Raheem Mostert,RB,2025,unverified,descriptive_only,29.4,12.0,2.45,297.0,74,69,5
Jaleel McLaughlin,RB,2025,unverified,descriptive_only,31.4,8.0,3.92,286.0,72,68,4
Zamir White,RB,2025,unverified,descriptive_only,9.6,6.0,1.6,341.0,80,76,4
Christian McCaffrey,RB,2025,unverified,descriptive_only,416.6,17.0,24.51,7.0,4,1,3
Chase Brown,RB,2025,unverified,descriptive_only,282.6,17.0,16.62,21.0,10,7,3
Kyren Williams,RB,2025,unverified,descriptive_only,263.3,17.0,15.49,27.0,12,9,3
RJ Harvey,RB,2025,unverified,descriptive_only,206.6,17.0,12.15,62.0,22,19,3
Tony Pollard,RB,2025,unverified,descriptive_only,185.8,17.0,10.93,69.0,25,22,3
Kendre Miller,RB,2025,unverified,descriptive_only,33.3,7.0,4.76,260.0,69,66,3
Miles Sanders,RB,2025,unverified,descriptive_only,26.7,4.0,6.67,287.0,73,70,3
De'Von Achane,RB,2025,unverified,descriptive_only,322.8,16.0,20.18,15.0,7,5,2
Tyrone Tracy Jr.,RB,2025,unverified,descriptive_only,160.8,15.0,10.72,82.0,28,27,1
Dylan Sampson,RB,2025,unverified,descriptive_only,87.6,15.0,5.84,164.0,52,51,1
Jahmyr Gibbs,RB,2025,unverified,descriptive_only,366.9,17.0,21.58,4.0,3,3,0
Keaton Mitchell,RB,2025,unverified,descriptive_only,55.4,13.0,4.26,205.0,60,60,0
Bijan Robinson,RB,2025,unverified,descriptive_only,370.8,17.0,21.81,2.0,1,2,-1
Cam Skattebo,RB,2025,unverified,descriptive_only,127.7,8.0,15.96,110.0,35,36,-1
TreVeyon Henderson,RB,2025,unverified,descriptive_only,206.2,17.0,12.13,45.0,18,20,-2
David Montgomery,RB,2025,unverified,descriptive_only,166.9,17.0,9.82,64.0,24,26,-2
Derrick Henry,RB,2025,unverified,descriptive_only,279.5,17.0,16.44,11.0,5,8,-3
Breece Hall,RB,2025,unverified,descriptive_only,207.7,16.0,12.98,41.0,15,18,-3
Bhayshul Tuten,RB,2025,unverified,descriptive_only,88.6,15.0,5.91,143.0,46,49,-3
Clyde Edwards-Helaire,RB,2025,unverified,descriptive_only,4.2,2.0,2.1,328.0,77,80,-3
Ashton Jeanty,RB,2025,unverified,descriptive_only,245.1,17.0,14.42,12.0,6,11,-5
Josh Jacobs,RB,2025,unverified,descriptive_only,237.1,15.0,15.81,19.0,8,13,-5
Kenneth Walker III,RB,2025,unverified,descriptive_only,191.9,17.0,11.29,43.0,16,21,-5
Jordan Mason,RB,2025,unverified,descriptive_only,128.9,16.0,8.06,95.0,30,35,-5
Ray Davis,RB,2025,unverified,descriptive_only,64.1,17.0,3.77,155.0,50,55,-5
Julius Chestnut,RB,2025,unverified,descriptive_only,4.0,17.0,0.24,324.0,76,81,-5
Nick Chubb,RB,2025,unverified,descriptive_only,88.3,15.0,5.89,137.0,44,50,-6
Ollie Gordon,RB,2025,unverified,descriptive_only,54.1,17.0,3.18,179.0,55,61,-6
Jaylen Wright,RB,2025,unverified,descriptive_only,48.2,10.0,4.82,194.0,57,63,-6
J.K. Dobbins,RB,2025,unverified,descriptive_only,115.9,10.0,11.59,102.0,32,41,-9
DJ Giddens,RB,2025,unverified,descriptive_only,9.6,9.0,1.07,223.0,66,76,-10
Jerome Ford,RB,2025,unverified,descriptive_only,43.6,13.0,3.35,165.0,53,64,-11
Dameon Pierce,RB,2025,unverified,descriptive_only,3.6,5.0,0.72,268.0,71,82,-11
Saquon Barkley,RB,2025,unverified,descriptive_only,232.3,16.0,14.52,3.0,2,14,-12
Will Shipley,RB,2025,unverified,descriptive_only,17.5,15.0,1.17,200.0,59,72,-13
Aaron Jones,RB,2025,unverified,descriptive_only,118.7,12.0,9.89,71.0,26,40,-14
Tahj Brooks,RB,2025,unverified,descriptive_only,6.4,16.0,0.4,222.0,65,79,-14
Roschon Johnson,RB,2025,unverified,descriptive_only,1.7,7.0,0.24,227.0,67,83,-16
Chuba Hubbard,RB,2025,unverified,descriptive_only,125.4,15.0,8.36,48.0,19,37,-18
Trey Benson,RB,2025,unverified,descriptive_only,35.4,4.0,8.85,145.0,47,65,-18
Omarion Hampton,RB,2025,unverified,descriptive_only,135.7,9.0,15.08,33.0,14,34,-20
Bucky Irving,RB,2025,unverified,descriptive_only,138.5,10.0,13.85,22.0,11,33,-22
Tank Bigsby,RB,2025,unverified,descriptive_only,53.8,17.0,3.16,120.0,40,62,-22
Brian Robinson Jr.,RB,2025,unverified,descriptive_only,62.5,17.0,3.68,106.0,34,57,-23
Alvin Kamara,RB,2025,unverified,descriptive_only,100.7,11.0,9.15,44.0,17,44,-27
Jaydon Blue,RB,2025,unverified,descriptive_only,20.4,5.0,4.08,132.0,43,71,-28
Isiah Pacheco,RB,2025,unverified,descriptive_only,87.3,13.0,6.72,63.0,23,52,-29
Najee Harris,RB,2025,unverified,descriptive_only,11.6,3.0,3.87,138.0,45,75,-30
Braelon Allen,RB,2025,unverified,descriptive_only,15.3,4.0,3.83,124.0,42,73,-31
Austin Ekeler,RB,2025,unverified,descriptive_only,13.1,2.0,6.55,122.0,41,74,-33
James Conner,RB,2025,unverified,descriptive_only,33.3,3.0,11.1,51.0,20,66,-46
Kaleb Johnson,RB,2025,unverified,descriptive_only,8.8,10.0,0.88,77.0,27,78,-51
Michael Wilson,WR,2025,unverified,descriptive_only,220.6,17.0,12.98,270.0,85,10,75
Tre Tucker,WR,2025,unverified,descriptive_only,161.7,17.0,9.51,305.0,97,37,60
Wan'Dale Robinson,WR,2025,unverified,descriptive_only,217.9,16.0,13.62,181.0,65,14,51
Kayshon Boutte,WR,2025,unverified,descriptive_only,124.1,14.0,8.86,307.0,98,48,50
Alec Pierce,WR,2025,unverified,descriptive_only,183.3,15.0,12.22,232.0,75,27,48
Troy Franklin,WR,2025,unverified,descriptive_only,177.1,17.0,10.42,241.0,78,30,48
Quentin Johnston,WR,2025,unverified,descriptive_only,171.2,14.0,12.23,216.0,73,33,40
Jalen Nailor,WR,2025,unverified,descriptive_only,100.7,17.0,5.92,303.0,96,56,40
Malik Washington,WR,2025,unverified,descriptive_only,116.7,17.0,6.86,273.0,86,50,36
JuJu Smith-Schuster,WR,2025,unverified,descriptive_only,73.5,17.0,4.32,339.0,107,75,32
Romeo Doubs,WR,2025,unverified,descriptive_only,165.4,16.0,10.34,188.0,67,36,31
KaVontae Turpin,WR,2025,unverified,descriptive_only,84.5,15.0,5.63,318.0,100,69,31
Michael Pittman Jr.,WR,2025,unverified,descriptive_only,202.4,17.0,11.91,108.0,48,18,30
Chris Olave,WR,2025,unverified,descriptive_only,268.0,16.0,16.75,76.0,34,6,28
Dontayvion Wicks,WR,2025,unverified,descriptive_only,75.8,14.0,5.41,319.0,101,73,28
Calvin Austin III,WR,2025,unverified,descriptive_only,86.2,14.0,6.16,294.0,93,66,27
Olamide Zaccheaus,WR,2025,unverified,descriptive_only,84.8,16.0,5.3,291.0,92,67,25
Keenan Allen,WR,2025,unverified,descriptive_only,182.7,17.0,10.75,131.0,52,28,24
Adonai Mitchell,WR,2025,unverified,descriptive_only,87.9,16.0,5.49,279.0,89,65,24
Zay Flowers,WR,2025,unverified,descriptive_only,243.3,17.0,14.31,60.0,30,7,23
Isaiah Bond,WR,2025,unverified,descriptive_only,54.7,16.0,3.42,342.0,109,86,23
George Pickens,WR,2025,unverified,descriptive_only,291.9,17.0,17.17,56.0,27,5,22
Andrei Iosivas,WR,2025,unverified,descriptive_only,89.9,17.0,5.29,259.0,84,62,22
Stefon Diggs,WR,2025,unverified,descriptive_only,210.3,17.0,12.37,81.0,38,17,21
Elic Ayomanor,WR,2025,unverified,descriptive_only,116.5,16.0,7.28,215.0,72,51,21
Darius Slayton,WR,2025,unverified,descriptive_only,98.8,14.0,7.06,248.0,79,58,21
Luke McCaffrey,WR,2025,unverified,descriptive_only,51.3,9.0,5.7,346.0,110,89,21
Jalen Coker,WR,2025,unverified,descriptive_only,90.4,11.0,8.22,250.0,80,61,19
Marquise Brown,WR,2025,unverified,descriptive_only,137.7,16.0,8.61,150.0,58,42,16
Jameson Williams,WR,2025,unverified,descriptive_only,219.9,17.0,12.94,55.0,26,12,14
Jahan Dotson,WR,2025,unverified,descriptive_only,50.2,17.0,2.95,327.0,104,90,14
Emeka Egbuka,WR,2025,unverified,descriptive_only,195.7,17.0,11.51,79.0,36,23,13
Jaxon Smith-Njigba,WR,2025,unverified,descriptive_only,359.9,17.0,21.17,32.0,14,2,12
Deebo Samuel,WR,2025,unverified,descriptive_only,188.2,16.0,11.76,80.0,37,25,12
Rashid Shaheed,WR,2025,unverified,descriptive_only,156.6,18.0,8.7,128.0,50,38,12
Jalen Tolbert,WR,2025,unverified,descriptive_only,46.3,13.0,3.56,340.0,108,96,12
Jordan Whittington,WR,2025,unverified,descriptive_only,36.3,17.0,2.14,349.0,112,100,12
Jauan Jennings,WR,2025,unverified,descriptive_only,173.3,15.0,11.55,93.0,42,32,10
Davante Adams,WR,2025,unverified,descriptive_only,222.9,14.0,15.92,40.0,18,9,9
Tetairoa McMillan,WR,2025,unverified,descriptive_only,211.4,17.0,12.44,54.0,25,16,9
Khalil Shakir,WR,2025,unverified,descriptive_only,166.4,16.0,10.4,97.0,44,35,9
Luther Burden,WR,2025,unverified,descriptive_only,127.9,15.0,8.53,139.0,55,46,9
Courtland Sutton,WR,2025,unverified,descriptive_only,219.7,17.0,12.92,47.0,21,13,8
Jakobi Meyers,WR,2025,unverified,descriptive_only,175.8,16.0,10.99,84.0,39,31,8
Jaylen Waddle,WR,2025,unverified,descriptive_only,194.1,16.0,12.13,67.0,31,24,7
DeMario Douglas,WR,2025,unverified,descriptive_only,95.8,17.0,5.64,184.0,66,59,7
Tyler Lockett,WR,2025,unverified,descriptive_only,73.1,17.0,4.3,255.0,83,76,7
Puka Nacua,WR,2025,unverified,descriptive_only,375.0,16.0,23.44,13.0,7,1,6
Josh Downs,WR,2025,unverified,descriptive_only,136.4,16.0,8.53,111.0,49,43,6
Jayden Higgins,WR,2025,unverified,descriptive_only,129.5,17.0,7.62,130.0,51,45,6
Hunter Renfrow,WR,2025,unverified,descriptive_only,35.9,6.0,5.98,337.0,106,101,5
DeVonta Smith,WR,2025,unverified,descriptive_only,201.8,17.0,11.87,52.0,24,20,4
Jaylin Noel,WR,2025,unverified,descriptive_only,68.4,17.0,4.02,251.0,81,79,2
Amon-Ra St. Brown,WR,2025,unverified,descriptive_only,324.0,17.0,19.06,8.0,4,3,1
Jimmy Horn,WR,2025,unverified,descriptive_only,28.7,13.0,2.21,333.0,105,104,1
Xavier Legette,WR,2025,unverified,descriptive_only,89.3,15.0,5.95,175.0,63,63,0
Tutu Atwell,WR,2025,unverified,descriptive_only,31.2,10.0,3.12,322.0,102,102,0
A.J. Brown,WR,2025,unverified,descriptive_only,220.3,15.0,14.69,18.0,10,11,-1
Isaac TeSlaa,WR,2025,unverified,descriptive_only,75.9,17.0,4.46,209.0,71,72,-1
Jaylin Lane,WR,2025,unverified,descriptive_only,49.2,15.0,3.28,289.0,91,92,-1
LaJohntay Wester,WR,2025,unverified,descriptive_only,-2.0,17.0,-0.12,348.0,111,112,-1
Nico Collins,WR,2025,unverified,descriptive_only,226.2,15.0,15.08,10.0,6,8,-2
Ja'Marr Chase,WR,2025,unverified,descriptive_only,313.6,16.0,19.6,1.0,1,4,-3
Tee Higgins,WR,2025,unverified,descriptive_only,211.6,15.0,14.11,28.0,12,15,-3
D.K. Metcalf,WR,2025,unverified,descriptive_only,187.2,15.0,12.48,50.0,23,26,-3
Marvin Mims,WR,2025,unverified,descriptive_only,93.0,15.0,6.2,146.0,57,60,-3
Jordan Addison,WR,2025,unverified,descriptive_only,135.1,14.0,9.65,85.0,40,44,-4
Pat Bryant,WR,2025,unverified,descriptive_only,74.8,15.0,4.99,202.0,70,74,-4
Rome Odunze,WR,2025,unverified,descriptive_only,146.1,12.0,12.17,75.0,33,40,-7
Tory Horton,WR,2025,unverified,descriptive_only,65.1,8.0,8.14,229.0,74,81,-7
Josh Reynolds,WR,2025,unverified,descriptive_only,23.1,5.0,4.62,316.0,99,106,-7
Beaux Collins,WR,2025,unverified,descriptive_only,4.5,9.0,0.5,325.0,103,110,-7
Keon Coleman,WR,2025,unverified,descriptive_only,102.4,13.0,7.88,107.0,47,55,-8
Cooper Kupp,WR,2025,unverified,descriptive_only,116.3,16.0,7.27,94.0,43,52,-9
Dyami Brown,WR,2025,unverified,descriptive_only,49.7,14.0,3.55,254.0,82,91,-9
Drake London,WR,2025,unverified,descriptive_only,201.9,12.0,16.82,17.0,9,19,-10
Rashee Rice,WR,2025,unverified,descriptive_only,150.1,8.0,18.76,58.0,28,39,-11
DeAndre Hopkins,WR,2025,unverified,descriptive_only,67.0,17.0,3.94,198.0,69,80,-11
Roman Wilson,WR,2025,unverified,descriptive_only,38.6,13.0,2.97,274.0,87,99,-12
Efton Chism,WR,2025,unverified,descriptive_only,16.5,8.0,2.06,295.0,94,107,-13
D.J. Moore,WR,2025,unverified,descriptive_only,170.2,17.0,10.01,46.0,20,34,-14
Jalen Royals,WR,2025,unverified,descriptive_only,2.4,7.0,0.34,298.0,95,111,-16
Jerry Jeudy,WR,2025,unverified,descriptive_only,120.7,17.0,7.1,73.0,32,49,-17
Tre Harris,WR,2025,unverified,descriptive_only,69.4,17.0,4.08,167.0,61,78,-17
Ladd McConkey,WR,2025,unverified,descriptive_only,180.9,16.0,11.31,25.0,11,29,-18
Darnell Mooney,WR,2025,unverified,descriptive_only,82.3,15.0,5.49,133.0,53,71,-18
KeAndre Lambert-Smith,WR,2025,unverified,descriptive_only,16.1,10.0,1.61,288.0,90,108,-18
Justin Jefferson,WR,2025,unverified,descriptive_only,201.5,17.0,11.85,5.0,2,21,-19
CeeDee Lamb,WR,2025,unverified,descriptive_only,200.9,14.0,14.35,6.0,3,22,-19
Cedric Tillman,WR,2025,unverified,descriptive_only,60.0,13.0,4.62,169.0,62,82,-20
Jack Bech,WR,2025,unverified,descriptive_only,42.4,16.0,2.65,238.0,77,97,-20
Ray-Ray McCloud,WR,2025,unverified,descriptive_only,13.9,6.0,2.32,277.0,88,109,-21
Chris Godwin,WR,2025,unverified,descriptive_only,83.0,9.0,9.22,98.0,45,70,-25
Jalen McMillan,WR,2025,unverified,descriptive_only,29.9,4.0,7.47,236.0,76,103,-27
Josh Palmer,WR,2025,unverified,descriptive_only,52.3,12.0,4.36,166.0,60,88,-28
Kyle Williams,WR,2025,unverified,descriptive_only,49.2,17.0,2.89,177.0,64,92,-28
Ricky Pearsall,WR,2025,unverified,descriptive_only,88.6,9.0,9.84,78.0,35,64,-29
Christian Kirk,WR,2025,unverified,descriptive_only,57.9,13.0,4.45,136.0,54,83,-29
Rashod Bateman,WR,2025,unverified,descriptive_only,55.4,13.0,4.26,144.0,56,85,-29
Marvin Harrison Jr.,WR,2025,unverified,descriptive_only,127.8,12.0,10.65,37.0,17,47,-30
Xavier Worthy,WR,2025,unverified,descriptive_only,109.9,14.0,7.85,49.0,22,54,-32
Brian Thomas,WR,2025,unverified,descriptive_only,138.8,14.0,9.91,14.0,8,41,-33
Terry McLaurin,WR,2025,unverified,descriptive_only,114.2,10.0,11.42,42.0,19,53,-34
Matthew Golden,WR,2025,unverified,descriptive_only,70.0,14.0,5.0,86.0,41,77,-36
Dont'e Thornton,WR,2025,unverified,descriptive_only,23.5,15.0,1.57,191.0,68,105,-37
Adam Thielen,WR,2025,unverified,descriptive_only,39.6,16.0,2.48,159.0,59,98,-39
Garrett Wilson,WR,2025,unverified,descriptive_only,99.5,7.0,14.21,35.0,15,57,-42
Jayden Reed,WR,2025,unverified,descriptive_only,48.5,7.0,6.93,105.0,46,94,-48
Mike Evans,WR,2025,unverified,descriptive_only,84.8,8.0,10.6,36.0,16,67,-51
Calvin Ridley,WR,2025,unverified,descriptive_only,47.3,7.0,6.76,59.0,29,95,-66
Tyreek Hill,WR,2025,unverified,descriptive_only,53.5,4.0,13.38,31.0,13,87,-74
Malik Nabers,WR,2025,unverified,descriptive_only,57.1,4.0,14.28,9.0,5,84,-79
Juwan Johnson,TE,2025,unverified,descriptive_only,179.9,17.0,10.58,276.0,33,8,25
Harold Fannin,TE,2025,unverified,descriptive_only,186.4,16.0,11.65,258.0,30,6,24
Dalton Schultz,TE,2025,unverified,descriptive_only,177.7,17.0,10.45,252.0,29,10,19
Theo Johnson,TE,2025,unverified,descriptive_only,127.8,15.0,8.52,265.0,32,15,17
Kyle Pitts,TE,2025,unverified,descriptive_only,210.8,17.0,12.4,123.0,14,2,12
Dawson Knox,TE,2025,unverified,descriptive_only,103.7,17.0,6.1,302.0,37,25,12
Jake Ferguson,TE,2025,unverified,descriptive_only,188.1,17.0,11.06,125.0,15,5,10
Hunter Henry,TE,2025,unverified,descriptive_only,178.8,17.0,10.52,154.0,19,9,10
Dallas Goedert,TE,2025,unverified,descriptive_only,185.1,15.0,12.34,129.0,16,7,9
Tyler Warren,TE,2025,unverified,descriptive_only,188.5,17.0,11.09,87.0,9,4,5
Cade Otton,TE,2025,unverified,descriptive_only,122.2,16.0,7.64,185.0,23,19,4
Travis Kelce,TE,2025,unverified,descriptive_only,193.2,17.0,11.36,66.0,6,3,3
Chig Okonkwo,TE,2025,unverified,descriptive_only,124.0,17.0,7.29,180.0,21,18,3
Cole Kmet,TE,2025,unverified,descriptive_only,78.7,16.0,4.92,283.0,34,31,3
Tyler Higbee,TE,2025,unverified,descriptive_only,71.1,10.0,7.11,296.0,35,32,3
Terrance Ferguson,TE,2025,unverified,descriptive_only,52.1,14.0,3.72,343.0,39,36,3
Zach Ertz,TE,2025,unverified,descriptive_only,126.4,13.0,9.72,151.0,18,16,2
Brenton Strange,TE,2025,unverified,descriptive_only,118.0,12.0,9.83,183.0,22,20,2
Pat Freiermuth,TE,2025,unverified,descriptive_only,113.6,17.0,6.68,199.0,24,22,2
Trey McBride,TE,2025,unverified,descriptive_only,315.9,17.0,18.58,26.0,2,1,1
Taysom Hill,TE,2025,unverified,descriptive_only,41.8,13.0,3.22,332.0,38,37,1
Colston Loveland,TE,2025,unverified,descriptive_only,165.1,16.0,10.32,109.0,12,12,0
Darren Waller,TE,2025,unverified,descriptive_only,88.7,9.0,9.86,218.0,28,28,0
Mason Taylor,TE,2025,unverified,descriptive_only,88.9,13.0,6.84,203.0,25,27,-2
Noah Gray,TE,2025,unverified,descriptive_only,38.8,16.0,2.42,301.0,36,38,-2
Dalton Kincaid,TE,2025,unverified,descriptive_only,126.1,12.0,10.51,118.0,13,17,-4
Ja'Tavion Sanders,TE,2025,unverified,descriptive_only,54.0,13.0,4.15,263.0,31,35,-4
Mark Andrews,TE,2025,unverified,descriptive_only,131.0,17.0,7.71,72.0,7,14,-7
Mike Gesicki,TE,2025,unverified,descriptive_only,70.7,13.0,5.44,210.0,26,33,-7
Brock Bowers,TE,2025,unverified,descriptive_only,176.2,12.0,14.68,16.0,1,11,-10
George Kittle,TE,2025,unverified,descriptive_only,161.5,11.0,14.68,34.0,3,13,-10
Tucker Kraft,TE,2025,unverified,descriptive_only,117.2,8.0,14.65,104.0,11,21,-10
Elijah Arroyo,TE,2025,unverified,descriptive_only,36.9,13.0,2.84,214.0,27,39,-12
Jonnu Smith,TE,2025,unverified,descriptive_only,85.2,17.0,5.01,142.0,17,30,-13
Isaiah Likely,TE,2025,unverified,descriptive_only,61.7,14.0,4.41,173.0,20,34,-14
T.J. Hockenson,TE,2025,unverified,descriptive_only,112.8,15.0,7.52,65.0,5,23,-18
Evan Engram,TE,2025,unverified,descriptive_only,102.8,16.0,6.42,83.0,8,26,-18
David Njoku,TE,2025,unverified,descriptive_only,86.3,12.0,7.19,90.0,10,29,-19
Sam LaPorta,TE,2025,unverified,descriptive_only,106.9,9.0,11.88,53.0,4,24,-20
